Z_1,Z_2,Z_3,Z_4,Z_5
1.3452274208556196,-0.4761822788992028,0.533500603007837,-0.8783274460752039,-2.0488353575910456
1.793277662926438,1.742610533222781,1.8725834845578069,-0.4256355741126686,0.9968690702892202
2.414142699422576,1.2461068415750851,1.5798352634270607,-1.2673163854053864,-0.8869101604363503
1.8992307926519503,1.3395984172914657,3.452734722940919,-0.5461150900202419,-2.6303340302505758
1.9843897214343924,2.638646360555261,0.06549007747456992,0.8221844070513058,0.8879115073827283
1.9322249874757569,0.8980523730068362,1.1551315966989455,2.71034967808821,2.9099360333439224
2.4414793003525195,0.6454351912021333,4.756545232819265,2.4178048366198346,-0.6901273355802509
4.6861621953531465,-1.7128368462889279,5.445104972192377,-0.39805987577310786,-1.2297209373927735
7.233432245566186,0.4245597788063673,4.685978879344894,-0.9464994011630196,-5.367636350964105
4.957935362942254,5.820827689368551,6.721116309951294,-3.2558722705319694,-2.4821330713979908
6.812601003491039,5.162938120294123,3.3747950531930213,-1.4612291535941007,1.8154008858623976
4.160474844258972,1.815094566176502,7.439772059123239,-1.0988475827810507,3.7544939063109815
7.049656450508429,-0.1488483440153443,5.289018211187126,1.2063432696271859,5.753543606777853
7.743648747686525,3.4705294197485315,4.0481318900543375,1.2614693968748178,-0.690114709866918
5.379514893067813,9.605286882594697,3.658232195238588,-0.5618476794865472,3.5940804904300134
5.951167858143988,8.919847868844636,2.5263318937451893,0.6357669754047456,3.7010758214793853
2.137342621235251,6.127792804579569,0.9625417023405385,3.569275178179974,3.160020651670014
3.3900734338568372,4.21854411720672,4.0047572902419555,5.188018372514051,5.239297721443405
2.7497410769973136,2.223448347395989,3.513359397026814,1.5511208421498015,0.5876962292117764
0.7684945049802505,2.4442522616681943,-1.6423403053709325,-2.627795156462111,1.1980351035723376
-3.224422182272593,-0.28047484261643896,-0.08505261181379886,-1.6852151293586384,1.7783849622101513
0.3991286515149741,-2.4814138613221024,3.4297318614853616,4.122946933354557,0.6981441572119033
4.931839717176638,-0.7219584186677047,-2.5982864372727774,4.1464406978266615,-1.5575307967526295
1.3603740289901922,2.7625904286660328,0.396548473192601,-0.6825857492715097,-3.8976313838684806
-2.141511808053127,1.3407353114146856,2.280357746694837,-4.231174080578597,-0.9986821206514133
-0.8452464402258013,0.5821880749220907,-1.6694473772255898,-2.844801048745659,-1.407368358134229
-0.18187628035657777,2.076952891385395,-2.3664033881937825,-0.04110946604620902,-0.31745629481910254
-2.9768943604957276,3.720244781497688,-1.430063465747808,-3.6910983046473174,-2.0896426302446023
-2.337984850447429,-1.3559600741600215,-2.851959557671223,-1.0902950006366297,-2.1983774465776595
-0.9592346290653251,-3.91381702627671,-4.081054749452169,-1.5454264895319483,-2.8504542510806776
-3.1847225135927775,-2.319385589601936,-2.5168800873149664,-0.09121023144010243,-4.121351257647505
0.691847005650394,-2.6935142238653693,-0.8454555768078806,-1.570090249239072,-2.905966804620535
-0.5340992558534147,0.24440340094784374,-5.9646785941973794,-1.213562900938694,-4.3216094262236915
-5.58739800107584,1.7528626038704078,-0.7916526727808431,-2.2588923313896165,-2.184115400184032
-3.795447017704844,-3.8561450213785626,-5.165691554899295,-2.022034340383364,-1.746056378503886
-4.518120345823084,-1.4510019323794225,-5.559257805994794,-2.958228512696998,-4.1662451127352895
-4.6260844838732105,-5.5651451585672085,-4.665942318088762,-4.0093636375738155,-0.9452664943444735
-4.519820575185893,-1.683431397127518,-1.8174666978951328,-0.7709243955504559,-3.0192993012022074
-3.1964249355955143,-1.2693947911622971,-2.4740534847487035,0.38255909422578904,-3.941254600576269
-3.3485870505126805,-2.0951698728915513,-2.4087908695569182,-2.1593075390797627,-3.1334616573703116
-4.418599194042886,-0.6246811410606048,-3.4245537205640284,-1.4842450647385594,-0.20828264959288045
-5.160579150545562,0.13735602296640126,-3.2909557997767376,-2.396096072203727,-1.2419161071797284
-1.8453041136492825,-3.728161846272491,-3.6109421799831263,-1.9180454044062905,1.0293059660502912
-4.746647286208518,-3.7911332867628813,-0.8410864969365537,1.4869003844671989,-0.7536132031247897
-4.22092149970382,-5.881141644452697,-1.065568449478793,-2.0974889321344445,-1.2460991706713043
0.041723620689297025,-4.6249459844306,-3.3560882216523478,-1.9293028555550407,-7.835599084897992
-0.6188550755899572,-0.9742436060864108,-1.3338440741562505,-5.86378647465901,-6.084732495128423
-0.7077575922365281,-1.8247395606729913,1.2108012748551296,-2.4874982803446426,-1.849448514698907
1.5214690625278224,-4.2744467542674,3.575632115460862,-0.31359928879808163,-2.7273983572692115
2.980288445368996,0.730774294219364,6.248610854069103,1.97664125807021,-1.732725690039591
2.8142040244364015,2.3074435766627137,6.17068697658395,-0.6519763328624174,-1.2461839517308693
6.600404439179817,2.795371713756243,8.86231094193718,-4.7463955136067035,3.8691363010319795
6.3590538440709095,3.994863840955624,7.524264280841157,-2.7703894717982998,0.7072184073585679
7.324484968283473,4.538811409179968,4.128551313279997,-1.9441701938066354,-0.19325338159258054
5.44426508159977,4.853277516677731,5.76590316772359,1.103492920010697,0.563397468416688
6.4077842591035505,6.549263314242532,6.5571941061408445,1.8623868966723096,0.6868273626422523
6.5462020062177455,6.766564483100751,4.903845933014687,2.326057094147785,-1.6329881743384913
4.777204310331008,4.490763144743991,3.2998944424819285,0.44458637292059133,-0.5198464960207434
2.142820576283025,1.3765014842351233,0.7895216026424725,-1.2253405025641246,4.096114015551911
-1.550878736836376,6.7961420183428585,4.007270175825079,6.056504219436733,-1.5443637943027269
0.6809509132425171,5.275420438246607,1.0437770736626855,5.251164522361627,1.7443846911288827
4.859673291696197,2.125815816309516,0.5091324267930875,4.819567965305293,0.10288766675410477
1.538456492840011,8.044505181361245,1.702992594690232,2.573474703200196,-2.7578114721476816
2.157877430058266,5.382517393175632,1.2523482331165914,-2.9117776774789705,7.71638701676927
2.3652564861985548,2.4197748132364936,4.121005625624338,-0.8410719234133603,5.27086734078214
4.052129017848386,-3.123777791147993,4.152840467105249,-0.4792065359542159,4.927429896246222
6.681820531930269,1.8603238318572628,4.720622921671608,-0.1788905905265299,1.957453364514824
4.438771986305995,3.555537745982897,5.32948088425597,1.3745606481497403,-0.0040667800072675675
3.6468253621639892,1.0956059097325999,7.808951764730489,-1.689513883450807,1.5716954251628816
7.058302925514349,2.1904390753039404,5.769333809702145,-0.47657579176807746,-1.4651723979394258
4.9587846570934735,6.354516647035097,3.9316450929263773,-1.532170375277194,-4.2539386018343
3.622380134505459,5.890992971655305,2.308796195217197,-4.2877402200850945,1.1829351334270493
0.8311851735541373,1.441740442528388,1.4530759391108516,-4.9447305887804305,5.008235494141054
1.7481766614231924,-0.07767319221725644,1.9604907676140315,1.6459457613024966,3.7424024899738813
0.2725216552855103,2.935592286096569,2.3090435234405415,0.999382302021107,4.006261779648796
6.438864157132426,2.2838318263151356,1.8155448965464465,5.254534636680733,3.1119684836395813
3.879025224219137,5.291261793011131,1.23481032896134,0.46707761160605976,4.640596805416427
2.0748570358731397,3.2487285165987365,1.053781325374726,6.109687512508538,3.6897178433590483
2.4055073735056043,1.4118491628977536,1.0853526206279798,2.3854871740229004,7.379337418769738
1.3918575652363108,-1.1602800809292495,2.8629959616579477,5.256135572902893,4.504475710393491
1.5900761540255248,0.8101003112894625,0.7936947863907158,3.623399617569496,2.6773670584951414
1.7944782639153725,0.8451557121410691,-1.6937223049801058,1.1581643444955254,-3.8033820598700574
-0.7330949412966119,-0.7543990933151346,0.8932432299717846,-1.8086325587319345,0.9233281566136984
1.9796113628888696,-2.7378792718648635,2.2102728957491315,2.912686980377308,-2.4089357084742273
4.108948819146329,-2.579786178283252,3.7371434374716195,-0.6255394399236535,0.4629752989737286
3.6920921634260133,-1.0771822340756663,3.8372277675537836,-0.7302185873673019,-2.6151717810745123
3.4850375868068904,-1.3348695646035553,3.117310659742486,0.9443880802254152,-2.8594156243605413
3.1881205548318228,3.4368051425913535,4.925947569947271,-2.196150011175281,-0.7604064384212752
5.602915551957356,3.426906663967867,3.9453985897218726,0.9294253870856215,2.2939363432065627
3.251653136983662,10.333015949999474,1.6893505148271957,-0.3536054332196783,4.583981036949363
-0.3905781557097372,5.027606036119608,2.228954244051471,1.9767926454633156,2.57316165431741
2.8459465971446702,0.36573836867779574,1.484748368975287,5.31482643877982,2.643709747333283
-0.533344691553272,-3.149948193112198,4.1439568604586405,4.5756397370346935,-0.0935211639423279
1.6914887820618723,-5.4237585214859525,3.1157008343883748,6.049069434909691,-0.4379715973082954
2.962850585564645,-2.548143185228059,1.465412701016009,4.560247109017674,-2.8170296644920816
0.368329197114178,0.053551658503828065,4.485412150029065,1.9046674318316614,-4.040968094855358
2.9319749444896557,2.2205577112349904,5.145310438889306,-3.103277534094862,-1.4064813249404695
1.6889193223261367,1.3681225270698523,5.853941142615889,-3.007860664985965,3.6182817824848814
2.664325875886659,1.9222837455384307,3.310307758130569,-2.516464663329063,2.275290182059898
3.2488186281053886,2.454312565108254,1.3718130950973861,-3.0690596093932565,1.979559262148996
-0.6241151477935585,4.800451551714129,3.244247389266313,1.897353082935812,2.3657842472992865
1.1517507775618816,1.5502563486988439,0.4079162910723718,3.3183312601146264,3.5677561549372574
-0.04470395730174592,2.6525125184792904,-0.6719591529146329,2.223594894370485,1.3529654979140844
0.2546563706895072,3.3832825146847236,0.4130348939471731,4.266180950989733,4.017159882626824
-0.23597920208085843,-0.7801778860830373,1.0017625082096389,-0.8183144018595612,-0.6511254169737928
-0.18053818018509693,1.9089787629400652,-0.002137353511076523,-2.333480414968168,-2.9635543273224396
2.0662572170031166,0.07661412846171967,-3.815183673136192,-1.682868720281224,0.9535553951892107
-0.8484100854585469,0.6130826549065069,-1.2050036625241982,-1.3043740520364557,-2.227473231873367
-3.6439815557962314,-1.4435109762588993,-0.3108737966313032,1.1936235627324638,-3.024778030858034
-4.201953572292631,-4.479448097612481,-2.020864610991075,-0.7529792900179267,-3.6524923909029936
-3.0015268202598486,0.8845741932969107,-1.9600323116795746,1.1561652215965075,-2.5162141355062593
-2.008860100339708,-1.1994056409840177,-5.454828796932643,-3.9833484029173043,-6.720445441750379
-2.1050577600864213,-1.9567600604681212,-1.1078958749788885,-2.8102382162694886,-2.467194822053189
-3.082241250004881,-1.7451672804087015,-0.9243010804474493,-3.6598153091691628,0.9677686503285927
-4.291680081767743,-0.41028047397979805,-1.5004522494777486,1.3207221932648363,2.6697477678235018
-3.4498616386239984,-0.4235406327128648,-2.896246628253152,3.714254216250977,-0.9993263550762599
-0.4561990619800862,-3.9531368789661947,-0.7906921663371902,0.4165987927577649,-4.887991133739378
1.107406039617921,0.11399988139673267,0.05695117715245357,-2.235505099136712,-3.5549486534536
4.529239982875306,1.727424397987574,-0.6810973192952353,-2.9595772827028255,0.8945104349392159
0.916462125410444,4.409766627174381,-3.1214138457726666,-3.2401288018801995,-0.42946859616952615
2.0704537231028084,4.400521479500323,1.3634799024954543,-5.246195269838573,1.7377335010559556
3.5326581651791384,-0.19312664008007774,2.1589901067631905,1.6883501365189013,2.290664347910002
-0.19792206921930156,0.6212245456085984,3.8312611389694196,-1.2193496074843317,2.3299315265928255
0.8110417630271488,-1.238152620813322,-0.972646326406926,2.404597044216895,0.5691391515001654
-1.0771375296152723,-0.4526965227008465,-1.00126701999854,-0.0017497455800052908,3.2330066330403935
1.6072373320697768,-2.5881347307929357,-0.41632549180037337,1.760070888344277,-0.6322177666600006
0.3836290092987459,-3.4168651013865565,-2.60186054927102,0.3777920623304353,-1.6019724039557566
2.7710411880493346,-1.741793350982655,0.1535786140134916,-1.5694627141730702,-4.968089851722711
2.9674704888306547,-5.244526640730135,-0.2587276356430057,-2.168627537566926,-2.334637173912653
0.21306841218918393,-2.0698017724890976,0.6103521894573224,-4.30065466534637,-2.4228984892648
-0.291641651943069,1.5838273006044772,1.3831311512802098,-4.70037766000196,-4.10253661310958
-1.4276307297208322,-0.760889541389508,2.244637731857806,-2.4731603432876685,-1.5876758602889818
3.079547233442912,-1.3080904560040645,0.9487693831960565,-3.348118112487057,-0.6012536975388902
4.721897016728915,2.813362359139668,0.3952937263803795,-0.05060625353947068,-1.1235146229478445
0.3161816413112102,2.3261336377413193,-0.6768875879094778,1.2589598544467646,-2.043856132659032
-0.800323432334637,3.396490142222926,1.384663504763897,0.07558778947498523,-0.7995463468717212
2.5526049455065625,4.458943624817636,-1.9025489042221153,2.856862534058778,-2.0295911889726934
-0.8779307447408532,3.611128360829891,0.23150627274630994,1.2011091562822402,2.185061708517269
-3.7191108526023777,3.2263889910484456,-3.0159723879148315,5.644534502098877,2.7656890374168905
-2.764117868714773,1.2851357608597223,-3.3448346005167813,6.65392439801585,3.531044308469402
-4.2842866573869625,-0.04099350148670111,-3.8624355552712784,3.5026021090101107,3.827151263780939
-3.9182978146027474,-3.6195922599228236,-0.5532878807778405,3.7217010971029163,-0.23343348572745137
-1.211304967002724,-7.575975964688415,1.7679358721588914,4.468885797810746,-0.8707268786913082
1.2635175952755189,-2.748140395005001,1.0188370483153975,0.4247908388117201,-1.3852443132568788
1.5609983675859607,-3.6812749887923544,0.9642266673859682,2.2980045268065643,-1.6055410714533491
-0.24994536180418248,-0.1342784274853549,2.359090232620359,-3.1570672436240597,0.2873976667181197
-1.618811766612407,6.2669869347437555,2.2366920527903433,-3.3291899781827863,0.4358715120634136
3.6358610454422555,1.9216248075957203,1.964636682602257,-2.27392260768133,-1.0533972678908503
3.4529948704583155,6.963901283576586,-0.4752831252658858,-0.059142983654264736,4.315152447832842
1.7275323511234058,7.237374533644915,0.441535433201648,2.4406148631869033,6.92974671942212
2.427637815927583,3.956297191664036,-0.052706175987083714,3.7547651228783394,5.391983990727913
0.13006014768004392,2.97179010224348,0.09027660631803269,2.0607059260411953,3.4287925740942122
0.4688677822610048,0.9886280580741982,-0.8362343008938874,3.2927480001469585,0.7844091325910361
-2.163011398595465,0.0005048437034207431,0.7157475879077749,1.791057401030495,-0.8846132360285723
1.6211528453611743,-2.0723661026905473,1.9064158646378822,2.5727118337238326,-1.5846346358091896
2.8545963457554877,-0.3343918365609878,2.333580589195308,0.46073573734059686,-0.7301314926502265
-0.3093160216098787,3.023928476527687,3.9189565946151563,-0.905975353662271,2.2348018754951613
1.122530148610221,2.703415455742496,3.7679392013778434,0.5962306785275007,2.9344916557148712
-2.567554394469644,5.179997506293692,2.3466529540005223,3.3252826514610474,4.6840968670301795
-0.9016073358531871,2.8485864077390213,2.962051639192252,4.318160655052949,1.6784341007791492
0.07342350003188014,-0.504578922939797,6.36848431930106,3.3869392529981948,0.3451464607454564
1.510607420676793,2.9406207662639625,3.385109562501456,3.726454849081013,1.669821718931093
-0.7579792131577676,1.7301200856424186,3.2315479575235546,2.890542445510685,-0.7236561755088968
0.3090070784724466,2.6147728203313094,2.2559096870086845,0.8231885209237061,-0.47838022516146494
2.4103320152448044,4.159571468483853,1.3797462188429783,-1.4504322605638214,3.7849772603173424
0.5601553879623937,4.6490763796043435,-1.8266697985107678,-1.8632570440611036,5.35900833597041
1.0862012287709673,0.9099089900069737,1.8810312918774184,2.239988205537204,4.852586954261095
0.8570291267863459,1.1934846900654172,1.6775336868471245,1.8527244539505268,-0.7176868909967271
2.319257300379251,4.002816958613044,1.098455151970884,0.44676761933084674,-0.1439098597404686
-0.18230441353473248,4.824414101205963,2.3026283709525193,-0.6145690398340462,2.4741125764532583
0.47818718790071485,2.1716972727137294,1.1855436938542583,1.648063515853527,4.227973126068012
2.420604980859811,0.04889460298843651,2.5108413327016597,3.9782534195752217,1.750383424233656
3.1281516378234433,-1.0645094545729983,1.1655300549378154,2.6022330641701896,3.428277781998436
2.373974042181092,-0.05165245001787966,2.4100769273482494,4.354066209098116,2.7222281098283965
-0.20195108714193521,-1.727913358547002,1.931573928753745,5.303918017513392,2.539602097467764
-0.4274906321288463,-0.6336644433248151,-1.2208640513231779,4.101159431504616,-0.7299690188094723
1.3560196145430656,-2.488580943945985,-1.3174891900837489,1.40319096206235,-3.7450654077272922
-1.293666537363802,1.0365466430456163,1.8367517259633694,-3.0883975376623827,-2.1465490325890277
1.8917932010913625,-0.7788066539803207,3.2171730461429813,-2.060576477345429,0.585808023565717
1.0217949255243866,0.6365466861461097,6.664346375559429,-0.9853857322714524,0.7413673629847461
3.8280416193891798,2.9558777364070092,3.323478050499599,-1.4764978155921344,-1.2629561383538639
5.698271180630504,3.3906243993854495,2.244639466599347,-1.0235704491169253,-0.09903301239048512
4.188482059712911,6.068302773889072,1.0730315298098079,3.638920352659534,2.6640060672612376
2.575683870310307,4.310622942947955,3.7265000299418176,4.75911158514786,5.768666858522517
2.1010322776728336,2.655212625839167,2.365963747069507,3.806937477149382,4.679016867975381
3.2930549804455733,3.973465018073375,3.46301206218782,4.028802109218951,6.611689044424948
5.868715601405011,5.800967670128289,3.1077846931684,6.087087279746603,0.9588024416763123
4.13038981614285,4.810459382597292,-0.35012090827443476,4.5240067535258675,1.667002163695944
0.7556651751979432,2.1558760313604854,2.979026980926644,-1.3554133256732412,0.9007750369508689
2.1889324921374054,1.3651406844445073,1.7172876563639514,0.6777886743931103,0.07699022123028376
1.5460695296476752,3.3728839800562067,2.6184743929181735,0.42136254551857977,0.8491748922991853
-2.075761691825072,2.781697300853983,2.499711591617054,0.3635162584952162,-0.2597449485737866
-1.6035355850342392,2.3242478705522553,3.203231208790306,-0.12941024272868892,1.4229330861204976
0.5594177651056798,-2.9403573724432306,0.4778869516437966,0.4630211634521196,1.0118937763247842
1.1153725486868136,-2.798150775769316,-2.065078061765863,2.8525088829766467,1.7640611110903852
-1.459184591196626,-2.831793162981817,-1.6597659887243792,0.383352970810215,-4.141267005953264
-5.406839775573345,-1.5321964966470214,-3.321868994222142,-2.81823111587344,-0.8687038878852968
-7.4813387016570445,-2.3122379958847086,-9.85572664222009,-5.11600462925642,-0.7203069413550549
-6.535453099898619,-7.984095144494065,-6.26493189503025,-2.5171143172939883,-2.726724460661662
-7.363335385430343,-6.601167870719308,-5.248876930571046,-0.23159484832170518,-7.12305330415232
-4.67941313659268,-4.99348129987313,-6.470604836778188,-0.825644660870632,-6.081078465942071
-3.7003938161722907,-2.027111369589207,-4.604970978730561,-5.256299859261198,-5.470420675400502
-5.346347310343317,-4.457530293586403,-2.282113528062668,-4.2879368124060555,-0.5202379086576996
-3.5855893934437755,-2.298498040817436,-0.6691696489568937,-2.921042905475251,-7.1976526181025715
-3.7682626838434112,-4.249725140048426,-2.2433732684995475,-5.3367332530410545,-3.1049491738377064
-0.9055778746437921,-4.026565764996186,-2.121412206964412,-2.522038870072838,-5.574033023909222
-1.4979332458758372,-1.4990623473918714,-0.5775078172863409,-3.5938088900362453,-3.987996684112411
-0.9617651761387883,-3.922969221724452,-4.073114665782854,-2.275219374233977,-1.3062953474204346
-3.1457519215599064,-3.0289024766532746,0.36730038295030454,-0.5009409593988388,-1.9667316318493653
0.17783755325117534,-3.483831685600304,-0.031124282033986095,-3.5296706325565124,2.0027366703098957
1.4610108162142632,0.9953024792932876,-1.2995182525295488,-0.36642848590144406,2.2280460435457523
-0.7686714422178249,1.0963175473249474,1.930119810216031,0.7589004350870969,1.4306474985620135
1.0871671443393818,1.6107118755809071,0.6442401995507087,0.6184650831805762,-0.7094047520513864
-2.6400087193703072,-2.4536926033647246,-0.9930661979805969,-0.2982764797263558,2.01271667087778
1.9607071759595422,-2.640912042140971,-1.43714606334738,0.851456730228696,1.7694314688751889
4.0748201588917405,-0.6999247039583314,-0.6777780682030374,-0.8779077972966518,-1.2037001727600134
1.66803332016208,-0.46066828490811096,-1.884264158046474,-2.1195979153654427,-2.6429442923412525
-0.11436085400508146,0.8713472406580383,-0.1423819947557314,-2.0939050586848076,-1.9276842841676147
0.8647786510970017,-0.8603852831424265,-2.257772373373311,-6.346757127081506,-1.0549464813696532
0.21595761864371277,1.1864229449947314,-0.13637771044535074,-4.213108316844651,-0.25541859284520296
1.5039928500119346,0.4903651910941619,0.08024253880466514,0.15899788018163896,0.1623487173151345
-1.5463316095384534,2.262071839816121,3.3466227110430666,2.2930352474734392,2.5738755646340596
-3.1859472113989167,-0.7796413020643415,0.05614641892129302,4.402621416763621,-0.26856587610266347
-1.9547432370110611,-0.672600739423056,-3.4018041476567467,2.667994764040461,-2.271792025728911
-2.260204410241832,-0.6937611049772207,0.49279813505462666,3.056425805399364,-7.213476264204383
-4.30193633948564,-3.0999341766027397,-2.2433263963537304,-4.1127519836151905,-5.340173158870849
-3.8018466241435984,-3.009752116921062,0.5794263858947604,-4.089587631455795,0.05342648433455066
-0.0011692512262382326,-3.8330037531986827,-2.1451901347624522,-2.7369257524679345,-0.6023784025932749
-0.414588813533869,-1.0715771451468965,-1.4906406659975353,-1.561522568361451,-3.747578485275684
-0.9473959086481758,-0.11694959890852785,2.1014529887446303,-0.5292527432455938,-0.014932846209352313
-0.7429843432006372,-0.8998939698139746,-0.8590093822344832,-0.35340459930451956,-3.7510661820670093
0.3164930730993669,3.0898259345512016,0.42977663985654213,-2.9427299894758834,-2.4976454608764143
-0.45377099142780086,0.6837424080332578,-1.0899036138722829,-4.483908184034224,-0.08437776202749636
-4.5600403607072995,-1.132375398719487,-5.0248398357243635,0.6158281667686469,1.2146785404179559
-5.5229829629748055,-1.2556060199788615,-3.946410857773564,2.014926410267026,1.0136433075264142
-2.102703669828081,-3.656973622694378,-3.078636612654358,-0.27843359156778313,-3.0108578681760565
-4.754036522330932,-4.332083536053496,-2.2969593401373296,-1.3339488856810364,-0.7747039982848465
-4.866818479324966,-7.10798020966436,-1.3661052034373153,-0.2794238033087566,-4.9095248993569935
-4.691979708875061,-4.3002001378818555,-1.3607962360714145,-2.751886111141043,-5.897313308765405
-2.380724621818521,-4.187121556744598,-4.038991918850931,-7.325285844486783,0.1723290498715242
-4.393917517269625,-3.6278565882671905,-0.9763723150298984,-1.1469110016354565,0.12400762024378009
-2.2662823831716805,-4.333597701349121,-2.2034239554347876,-0.2814818820123651,-0.2634871270963026
-0.43438513359032016,-8.635934684931847,-4.314301699571588,1.5614061882364187,-0.3198296491413015
-2.1725440568990413,-1.3372541860814229,-0.902917801192427,5.405639619660602,-1.3377724676901686
0.5466099151471246,-3.054539120122396,-0.8656742958228545,0.30468985616326205,-3.122841573959533
1.8636127841105854,1.1317058205384005,-0.18041409176045428,1.2396656179283556,-4.833104198650047
2.074556246345464,1.3070790506445997,2.549704831664629,-3.8881896857018563,-2.838781936438289
4.534081941361807,3.147174534220405,2.5722278280914517,-2.282435272890722,2.635676285639604
3.115135179071591,4.905762088503271,5.3746365659560595,0.07563776923273441,5.354359869927277
5.472956561251722,2.846434399580761,2.606270712284772,2.8539384436886053,3.571468665830518
1.7245468873570875,0.8892078471381479,3.572531065988306,1.8493055579043518,1.201588874024052
4.811154603182683,-0.9477926158883117,-1.1750658151905156,-0.4806189924947588,2.091704815590468
-1.7257024207248792,0.4240805717426386,1.5528890651461156,1.3223885895497123,1.5047043321882345
-3.7627496471971247,-1.8201647410707764,-1.8665058780026826,2.74632536827614,2.707389496747415
-2.6422411770498226,-0.19475643095899375,-0.9093852204957837,6.90170945815124,-0.9609375642892793
-2.2981346062791146,-1.0616358350420747,-2.0981244780052553,-0.290662618563843,-3.1929386374424813
-1.1046342129775204,-0.08177378634684285,-0.8979041944547854,-1.6477094759177051,-2.223782627773787
-3.571577576018194,-0.1366779888877429,0.553526704142504,-4.859782028198802,-0.4743037705747456
4.244054440732844,-4.274954045973385,-2.4616980416514798,-2.877644764278388,-2.0312598184658754
-0.2283211390397779,-1.3896377608856485,-0.7229312761092774,-0.8108556922981476,-5.259973263504007
-3.5408742513122897,-0.7628788568673288,2.9713832115247047,-2.788850991510311,-4.458615004946285
-3.718109110279767,-5.703215151171369,-0.6797874749437416,-2.545380376308338,-2.095299740541629
-2.13685344989055,-4.238498803564586,-1.0081364010948408,-2.960266233328057,-2.1876297181389006
-2.2424262707501925,-0.8002466334276956,-2.0028663831460047,1.147309382825282,-4.603052451803915
-3.4964609231485997,-2.2821575889320793,-4.332659720008046,0.09414897387228316,-3.346621584868857
-2.5886743684573057,-4.777274894887995,-5.015313459723594,0.267534605292314,-1.3508682512505266
-4.049342082324657,-3.485600235633246,-3.637353545521936,-0.917937940682686,-5.81221282957811
-6.025847457490137,-3.8159623990840488,-0.790814808596711,-0.9241189088094122,-6.679718547378235
-3.338808195090128,-8.272227353923732,-2.7774105645067406,-3.3064003431617723,-7.409821165155963
-2.977575025003024,-2.3381784706902233,-4.10825103895417,-3.354389150329124,-4.2315345540537095
-3.866534833237293,-1.4681460750475448,-5.7839539881200785,-0.8788446001789514,-2.71976832834625
-3.8510346355264313,0.04411464855233094,-4.1209910256183875,-1.2041244461278797,-2.4740935227334893
-4.723282462047075,1.306099305563956,-6.079771840555015,-1.6870239058022796,-0.7097632092763856
-7.18092550561708,-4.19099731479478,-4.80928260514546,2.0563212216644415,3.908418868315456
-2.8240460003484555,-3.527731388305827,-4.943227551277118,1.7229643910993386,-3.8238860279103206
-2.5242116380159985,-3.068249115024108,-2.8255118729907394,-1.6619999118940698,-4.711087015027825
-1.614318382217038,-2.08994137425913,0.41088427212271617,-1.8465322393655224,-7.068933174665155
-0.7894989446976233,-2.7564246895722393,-0.16138306673613767,-5.433430945121552,-4.848297627500264
0.26158374092355485,-2.871802125429462,0.44265416259918877,-5.475472578214393,-2.528587908301082
2.344673694509034,-1.0502573377013376,2.4555669983228556,-7.5992166081441335,-1.8227395948484797
-0.6613535466683542,0.6952733529780913,1.321110198141807,-2.01150586499844,-1.5395699526817448
-3.441928977173568,-4.435512160137876,0.409588401153281,-1.498932472285787,1.819315059206169
-1.5568303954631106,-4.5562190531345035,-5.069768876170771,-0.7048308720714122,0.6268838905008378
-2.1518215661790445,-2.8342529113760873,-0.7168518274407893,-3.0187832810825213,-1.5621815946302247
-5.0409953315284515,-3.268979784125615,3.4418932618837523,-2.1068340811313493,-1.8652938608540344
1.9390714858827964,-2.4730406413045483,1.1144346221114496,0.9371094799569779,-1.9281629966285645
2.5209969944877413,-0.9623025372806856,-1.968272049448514,1.3012892085434982,-4.526501113744571
3.6017290740331687,3.2704440583986587,-0.31244871795294793,-1.4397377805143008,-2.633768915749196
1.2522837241236917,2.875159014638369,5.399874501252192,-3.5031466265766036,-1.3921059285473731
1.5219455694638626,3.6516186969793614,2.3353617635201105,-2.973860834488466,2.4401922913791747
1.31666366421139,1.3788140842619656,1.8362618614706938,1.334037913135114,5.298504786294345
2.7707988071088696,2.37881922433811,7.079569400821703,3.3954884096255085,6.4202807051257995
2.710731871893893,4.522255554692716,2.7601123876785922,4.302084067449336,7.483081490990749
2.3864359008429235,4.077922535139362,3.996181260566028,1.1622887666466823,8.433017532496832
3.362171023846795,3.285622640636552,2.247199023510247,4.769306054085201,8.373622120447783
6.578963347464304,1.0901331098564064,1.930923938890896,5.971014095532218,6.325373113085771
2.5734764874127194,1.6612011151151531,6.130807736554885,5.048096676263096,-0.6597043181412037
5.215457633305643,2.287072394078622,1.3792681779347244,3.7032182684308466,1.6275802063632732
5.200104534881641,0.31118763870615584,2.171339037319968,4.159434659977014,3.2323309160387095
3.1331681777319274,3.7388052546822665,0.44949836204681803,3.361939449390308,3.6956076679152288
4.427470663900018,1.4324970982123866,1.7978445715655103,1.3679179548829796,3.211347809119976
1.216251354371299,4.838699562163611,3.7407470320528042,1.4810141640289798,-0.2897722335260515
5.370325418920749,1.9711679982241344,3.9691540338853697,-1.157107240963156,3.527112792013945
5.618707959905476,3.224485699714318,2.41329396001752,2.686429285120239,4.075081793344583
2.083043303122712,7.696382299256044,2.278367582691783,4.059449677023433,8.482061074270394
0.47401785760689985,3.1504404196224964,4.523309740799132,3.0996110444231104,8.548121171825708
5.952280901919968,1.6598889536086585,2.7234256402873083,8.270967380203157,1.8163320521613016
4.188799845461496,1.4995235009143266,3.4564441688125274,2.3853889775031956,2.206027154038942
5.266030797978949,3.998397975530067,0.8781101279525401,0.6089389560448624,3.1784902495244483
-0.24530306391869638,8.001116583247779,4.549430300434915,-0.06476879105969702,6.320235293262729
4.4768478540885885,3.9685652393599677,-0.8134924262162879,3.412436722406891,8.787876265219701
0.15968395284109582,3.6698393239186724,0.511400943408616,5.435887984430166,8.850983516731121
-2.9872439630740533,-2.703079510546543,3.3390422937832818,4.431557476504416,7.103581511750333
1.2429948697797564,-3.1827142332155067,-2.2543281297456006,5.436029414841655,0.02171502689442706
2.0640373584347564,-2.384558099035227,-1.9458559061524698,2.249997009257155,-1.3953886492745255
0.32556325554635107,-1.0810735528887827,-3.6670412252141285,0.5709439311387047,0.6366822725377026
-0.45315701021503907,-4.3764991770725645,-3.4647027790459273,1.8208952665773028,0.9546337719397553
-1.9526436863155072,-7.651847601278102,-1.039427174663265,-0.2029805085645937,-0.451798410198903
-2.3838462275992978,-1.5920028443336856,-3.199253018361672,-0.21254338093236363,-3.0302622427969705
-5.905052449242663,-0.08044538319758776,0.35793026677341544,-3.718616349710537,-0.592730930056248
-0.8994299203457661,0.7717575939062349,-6.151617086160732,0.6668114261730409,-0.9415143070286951
-2.5450533424655855,0.4647327511230243,-5.094529592807179,-0.4755390523904815,1.9794693884336252
-3.2187120529197344,0.8947835205070761,-7.369905733469658,0.9804399083345832,0.5393187024133392
-2.864040628389639,-0.3992929768503706,-4.320524360039855,-0.37163759934901996,1.7066784323822526
0.3068609065818859,1.9426080125591698,-6.5654344610521145,-0.3507279762394887,1.514744130783963
-4.405028849357184,4.042804374164847,-2.5007859725085706,-0.42503796834912255,2.9534096683354587
-2.2841531914598883,-1.2304092556347526,-5.21674294378583,0.5736953080764183,3.389116325414168
-5.232268210684433,2.1170070739784332,-2.535725391337651,5.392489392429122,0.00575997887887536
-3.7430624151953977,0.40406817474419765,-0.7799549036686542,1.3069618170463786,0.6550589011585127
1.1279732004393046,0.84596888523779,-1.9902546744672025,0.03630867575527286,1.1817022478398445
-0.7343016756232001,-0.25939496447239496,1.4060443488046483,-2.5771108395313047,2.2168057462074975
-0.39910280542192783,-2.4522682350185265,-0.08111835132375778,-5.064397959297273,1.7748240841489724
-3.902985310520293,-2.2020174054281285,-1.4213857157167349,-1.009008643099757,-1.8141325802872785
-1.2547295489893144,-4.844605763254416,-0.5955645408189403,0.8056710513254497,-5.000293875789687
0.7016359972067974,-3.391916610740814,1.4055321251393291,-2.0560867291756297,-3.0033561788193257
-0.27630361433427275,0.4991850058696792,2.4050519624053446,-0.7634045435673844,-1.5861860012152653
0.6517799480455062,3.3999053324691113,-2.0073401024540485,3.291271545114139,0.926491978934119
-0.38920886183105996,2.704838221828106,-2.182072760288068,2.0334261919315804,1.765284112347584
-2.343054685978915,1.7393167316787126,-0.8308508651156787,1.5645224736886691,5.199484328772609
-3.420136105090086,1.6343971912903252,-2.3141059325218043,-0.7878428205529304,3.4116193923682183
-2.5056497752780222,-0.6712762856457322,-4.553038273096642,2.2609338832182235,3.5387515918461
-6.264929161263662,-1.6128660714950591,-5.1364710465197,4.5071683491732655,2.2636483755561043
-3.219798908190645,-1.053921547973899,-2.7115026974893075,0.3659537100599355,-0.6818877921419287
-3.891295979147416,-3.2278325303096658,-1.5527871488335434,-3.1755009742662,-2.2394907269060873
-2.1202035164940365,-5.165824710339239,-4.988850813472258,0.33598095417512575,-0.5485323516753442
-2.9608715749017187,-3.9373068920186247,-4.4760198158394395,0.09584836551654957,-3.472229018595708
-4.863063907835828,-4.022286645979853,-2.79215124632646,-3.94296750444626,-3.564527535833468
-5.4003845341477845,-6.816198390454374,-1.3066158258245961,-2.96097672535414,-2.07579960046692
-2.723309733732696,-8.631817701949085,-1.5852393095818291,-0.8843734354646064,-3.4460194270923536
-2.6996104337457254,-2.2283828728221504,3.230671395878283,-1.1547576267025916,-3.978057002932865
0.9126849445997649,-1.8723358969889223,-3.5306967100667475,-0.3633647842366283,-1.0633824628360555
0.2548060073575187,2.9366874565926677,-3.0521438800400578,2.099287370264578,-4.502307755602147
-0.27071772342530953,-0.8575606725534912,-1.6943773834426052,-1.1998081278128518,1.025682369465227
-2.523732426515925,3.8337123658919876,1.4324952026707352,0.8972271561766727,0.3583256332738487
0.44987135108030196,-0.46175172264803543,2.2546560140013003,-0.6082477682392189,1.9040367691502975
-0.523848319099292,3.207364555001198,2.6511317001226615,2.3432660511277517,1.3266095962493138
1.2542956227227986,-3.8330757926687298,4.458852349284948,3.508343831209205,2.2046491633120335
4.852283109447079,-1.5078559591299474,5.978199982233629,2.9297559594736833,-1.512062246656373
4.72060012850487,0.3330218636645095,3.611456589785943,0.23589920549089338,-2.6092790729825106
-1.9122582775096202,1.4030430421981293,3.92792777156485,-1.8798570107183477,-3.0120673010741372
1.52378905453164,-0.8023959989722715,1.8557095027789947,-1.6950824427656475,2.394231006648817
3.9114585303170832,-0.25488686587283066,2.8654264729102823,0.5886725238885079,2.4964197335249536
1.131489121461133,-0.2718799359026325,3.8424695729721563,2.2665166173999145,0.3392089622637211
3.92335348670379,1.0357741889727416,2.7452920533385514,-1.2313015206327365,1.0761815591424526
4.146812953801426,0.7646949009305071,2.279455686070637,-0.7708585102011645,0.5461095224702155
0.5377212817224004,3.4214833014598183,2.926472717606872,-1.3130769519843521,2.928560408400231
0.020592002397957332,-1.0264249712756432,0.45019824151558674,-2.8440693639822943,4.642042778228876
1.0198152474128337,-0.42758526489455634,-0.08685590923937411,-0.24520595260501898,2.1439308560502486
1.9648365402217598,1.9101466086177248,1.335963227040723,1.6092632101784123,4.2108901462201676
1.9962217291575737,1.5601756569952836,1.7362860461228102,1.2886770355251438,2.214096319147192
0.5996846144593198,2.2617550985002404,3.2883910419227407,1.1721777672537117,-2.0337728569330444
2.878739282813105,1.59362750441799,-1.464611586323886,-2.836499378091582,-3.858776864172198
-0.43563855390571615,3.903775079128177,2.443153686498126,-2.974912017489295,-1.0852517996983226
1.3942326277650812,-1.4553094174539083,1.022644216930348,-7.007792443415444,3.840977388784662
0.7790115667778228,-0.9657762761310467,3.3002584729368563,-1.2178674645801055,-0.11949978406812733
2.0245474236368146,-2.880210357329319,2.0803650003515997,-1.0819687310856416,-0.3180103347198956
0.5350633052645233,-0.4116555493947298,1.6344119668397545,0.7673757155734483,0.6225498833905745
3.0863866675251646,0.6326200895351606,2.03573157134124,-0.03004740672646644,-1.1888844243437462
0.9198039940735789,3.1412302437877853,3.6616481467362814,1.499555016215524,-3.069541057913546
4.675258186424264,5.255930100165849,3.2853094536277014,1.2145466427264209,-2.0428865367166464
1.8017743973777816,2.544215367320967,3.9239535359615543,-0.015150995933205347,-0.595215377041626
1.2535905898003048,5.543645170832716,4.0592426428012445,1.4666946188657506,-2.682250508102656
3.2086247675459996,0.5985921958493741,5.075647679779367,0.05789602651979342,3.884156374424699
1.520658250069237,3.9621843879301997,0.47076436743899785,1.70189742486901,5.86050271667545
1.4723042591976734,3.7048297802747134,-0.810557491699022,3.365683296034537,4.08592001375361
-1.0040687850443586,-0.10045103495398866,5.730059674703293,6.480739118470311,2.1607879101041076
6.456496678625176,1.8550307015106615,3.5696703477146423,6.422500022788244,2.3191460240717805
2.000740917551849,1.705311939007966,4.869841791713759,4.136506622707024,0.7431695386829831
5.410187444217218,1.7749659078789073,0.7131735052950208,0.31421752852404583,-0.5131909623357447
6.917204264904342,4.9978991566115605,5.174732918763501,2.098524120815932,1.2550007640878131
3.161378778907265,2.690323797792624,6.9086572495449365,0.43887441059287147,1.7409960420679091
3.796244625210057,1.284769612371577,5.5812243807360495,-0.32917955713796976,1.554193487429273
4.270183544460164,1.0627172285049573,5.594433425163611,-0.9895778944889362,2.7104692613239916
3.7418989859094327,2.4511635934559646,3.82126961171262,-0.5583094715298892,-1.91452162559211
4.244027645806841,1.6911290488938036,5.130078759277876,1.4951403996309938,1.596243279795491
2.9017855869316422,2.6483750578854823,4.2219367527343605,0.6182035179892988,3.0017573673549673
3.9145065778320896,0.05261373371848066,1.0875911255887347,5.789671880121762,2.0685328261841076
2.3079936685978693,3.1530763810685154,1.014740421978837,0.25908489614598995,5.228154388416256
3.1719535647356594,4.9047726955263435,2.122161724529358,3.5571389051445763,3.592524567511351
1.3264250120472783,5.969783977310681,4.482462995031634,-0.8649862794637269,3.253922652984531
2.3858353513677852,-0.34012818795481436,-0.10225892034062456,1.167853243132347,8.596957934111838
0.9291471975515271,2.4715795023693903,0.15184109326388395,2.564717120261344,3.440575311575958
1.0379112268228166,6.5005251792272425,0.8186345777378861,-0.6199017148637607,2.1726817144950035
1.5712374821781463,2.3261464216610594,-1.39787516251163,-2.1942272339793694,5.565050972614326
3.564427532717401,2.597002964914092,1.4250162863487366,0.7270520883769614,3.004389515130899
1.336698629982528,0.8802651939667077,0.19500015471191556,4.050778045626538,3.4631239122021125
-1.1316727886876379,3.7189267479375663,-2.5812560680528347,3.402921490177302,0.6279627513040562
-4.640304111154196,0.869759512027223,-1.07564740185493,1.8209795147307155,2.172426652848469
-2.7497632106172154,0.08042700781833889,0.30759450717210113,3.1225018589632616,-2.6224131947523457
0.6227149392463913,2.3644571003284103,-0.5162264581123738,-3.153517150604953,1.7185367460078365
1.5757933688929588,3.310276430704882,2.7302736764501163,0.5286847175955708,0.9257376429788117
2.247177820845736,2.470832491946147,2.4333335967902583,-0.056280099314836796,1.1089996135250983
2.7137153940430716,-1.947812136760322,1.575018261262781,1.734730403099423,-1.6150489814566622
-0.8124141012170514,-0.16253476454546179,0.9556042604259601,1.1745032711282153,1.0425801071938745
1.0429708095662913,0.2717611669142146,-1.558388347629867,-0.699759725095492,-3.1214029236385157
-1.5215334102217244,-0.9126758639913938,-3.5747423565645673,-0.16469963766270657,-1.6401102283327644
-1.2324335498221222,-2.3517322800955176,1.8917871552997516,-0.6729555214368103,-0.33619739511721014
-4.565926842322428,-1.1920966491928175,0.3013337170960249,1.2210094543568117,-1.463455346236902
-1.2036442294232916,-5.671183198550554,-3.9999923079519215,1.1083593845203266,-1.6363808985879897
-2.7120857450945683,-4.272782651957744,-4.236541864471182,1.2411305957049952,-3.0922233722228745
-2.0367300875455716,-2.301909660568494,-4.06965643569657,0.45341615007760094,-4.158644331871193
-6.381418201190176,-1.2949207477707771,-1.435549974739619,0.04709890708725806,-2.4768093914636906
-2.195542093383288,-4.149809009908151,-2.5697305070442678,-1.415179044082672,-4.60540694691385
1.0966022280376722,-0.10631242608333036,-7.185134913077804,-3.6631624513830015,-8.507114714706598
-0.7224884812631522,0.1891054532886231,-3.574107345331675,-6.7221520624143585,-5.88358324697415
-5.339414182978533,-1.5255394765079862,-1.7727583973563958,-5.068669479666569,-3.0919509137806447
-4.3401057321100955,-3.134510933065696,-3.202354663330716,-3.565830870803414,-0.01843683346147751
-2.001930076105844,-6.382622795317163,-3.8761499930714534,1.4925659905495183,-0.13724856274251462
-6.7590887225307466,-3.8464780980791278,-1.5141260694362244,-0.13121333169889293,-2.9860452838166873
-5.160130055474123,-3.823324442676563,-4.28504795167985,-0.44678229658676694,-5.010716308036106
-0.1955390942834203,-6.664323794358069,-3.246429649837906,-1.6247429283593453,-3.526642749141283
-2.585388874098891,-2.1359219180294966,-3.3121954961077327,-3.539719695646854,-10.501392460014529
-3.144338244319081,-1.1131689277076318,-1.7600729823164176,-8.068821027891499,-4.201831822341684
-1.13643947682621,-3.511660312392242,-3.7266662610312915,-4.358620807087546,-3.398633845097981
0.1819338323903632,-2.8269254072493686,1.1826548189272743,-6.1671643480442295,-1.713220551842551
3.310576651983692,-0.07482429289384229,-5.336513617302703,-1.9693788772391925,-2.671614141161249
1.2100847438296574,-0.5651309513521814,-2.7106722867080233,-3.508809329128956,6.6690641177438685
0.28119695992912486,0.756561832160361,-0.0896002659646149,1.427496944200078,4.7152422640870215
1.382861654835155,3.053229968195951,-2.6669303920825143,0.38251872119855124,1.6686368263628437
-0.4070850862652332,2.6450482104971424,-2.129727199517568,-1.0229739908670241,0.4204183782570101
0.9215962626917085,1.3791037691573906,-2.807408945621739,-0.6222581951293185,1.342271896856269
0.28580231841257275,-0.921462927507539,0.5149980460067375,-1.8398480325959146,2.9348165497959116
1.6878492330751484,-0.9885155607089566,-0.6786182365715961,3.9126217549931015,-0.13538686119470666
2.0827347507011713,-0.42375345748464505,-0.8426094394055683,3.5255404818107117,-1.8940753536283577
-1.7153392995434826,2.007362006162041,0.6534076093297292,-2.374759635547197,-0.8940251340894709
2.491226138815402,-2.440774530799181,-1.423359006861426,-4.6449765487293675,-2.649945872179421
-0.8326660178911387,-3.369470298772604,-0.10142074900536946,-2.3988030704533854,-1.2531324214783697
-1.6883663276245975,-4.725561057560434,-3.6547244019541583,3.036587234426362,-2.953765690912046
-1.2839581421074182,0.16917987812970914,-7.182926371302621,0.38473652282411636,-3.687647129200256
-0.9586699649331805,-2.0040875572357435,-3.0014813729979237,-2.984657020421098,-1.0622500866752214
-0.4501640823829174,-3.8919062497308765,-0.5254625008252509,-5.009324863476499,-1.407698856967464
-2.7050582328274517,-2.133043903891902,0.6678631700779509,-1.2958740868669523,-0.7427387603829432
-0.10313958138024626,2.865393879401431,-0.0561513143939798,0.6679810791752174,-2.1755935336260133
2.757373446611391,0.3085826734317557,-1.5110924712666152,-5.453954887635709,1.2055081302210822
-1.2579535214243798,3.568090740864638,1.5312141771949805,-2.1567078168806244,5.155983206927174
1.32348949453847,3.4913080153577596,-2.2729983174844,2.657477045573085,0.14661305121950496
-1.2204730529816734,6.056450018606784,-0.6355411989661857,3.8045928330563012,4.271857848117354
0.02842415190165115,1.8354335465699387,1.1784273447373945,5.964263297563575,8.093929898545657
2.15915465735032,1.5596102865019814,-3.653745110355616,6.19177386509758,3.849896760343948
-0.6949657447613461,-2.4263191223306966,2.30916428331618,6.08513117592034,3.158000535795018
1.3882412691950805,-3.700942351467736,-1.6357210519123668,1.2575589232454454,0.99683101543517
-0.4226866949125312,2.385645883842187,1.0921492947118359,-0.6148998636717216,-1.7519419450686657
0.4815001367167808,-5.69521244337653,1.9707298922441465,0.1468231383162042,1.1078913327507662
-2.167297630142256,-3.618079465666876,0.8756345546599891,-3.2134720403530306,-1.2217476352640027
-1.1729742064856739,-6.681303716091051,-0.5319639038362342,-2.5571435926089996,-1.5918474097275794
-0.17060164692622093,-3.3880735445188583,-3.985769867719781,-2.6479405855338785,-8.75384684929198
-1.1753976750377408,-3.6871934936353337,-6.378447488980308,-6.385943197705187,-6.477468901154383
-1.789263559530094,-3.222196888251953,-4.268214955025952,-7.069696959083553,-7.80145863221375
-0.22932469441505976,-0.7386034040323568,-4.05080447167437,-4.085597884619899,-3.7262498630476504
-0.1819785394104496,2.2587145497119896,-1.8937818717897275,-0.2892307494575088,-1.361084569596704
-6.509055375487166,-1.523871865539478,-2.3177875505383008,-1.7649841469724876,-3.641567632241349
-6.639203483566593,-0.3502805892364065,-2.581271564416238,-3.6175830581550446,-1.908772134809702
-5.886219782557793,0.0274314095728605,-4.191931857715022,-1.0791411664052053,-1.5972617991938525
-2.5367236214359865,-4.762061452905881,-6.042773206234204,-0.7205450265315896,-0.7456776207768544
-4.9889679409431675,-5.239740309339813,-6.9301063363879205,0.13257596433614194,-0.5531914770424129
-4.4047191174717275,-3.9714892673078204,-9.087279641085866,-3.224149239309176,-4.023856883412433
-4.3963199029704345,-4.920481609003439,-3.4322118024091326,-0.48584146674031015,-3.8817911128015856
-2.67211328475749,-2.1359512457165004,-1.3638527274065595,-1.0501876745270935,-5.561166421535998
-0.690906541795292,-2.895441335554686,-1.8698255783275566,-0.14616520720439707,-1.5857670306808314
-0.7303361995425454,4.7432584943977085,0.19478777898336275,0.19597721922555222,-2.4849132021079803
0.932912838207846,1.1534285046588262,0.7691303409998176,-1.4200400819306156,0.8935695514390128
-0.14121855595330213,0.718734990192269,1.040397355029753,-0.25451803520572736,0.38149302364731863
-0.3594517418440918,2.397425014061022,-2.8772989994992892,0.1279143969327856,-4.778599131681579
-3.555901672859843,-0.4023285311513356,-0.052671179836408344,-2.3265919976689013,-1.3607010234019916
-0.8308493150095786,-2.8062454486770045,-3.0245444831138286,-4.481040627086375,-1.8580992868558888
-2.600132493261755,-6.941902052166039,-4.251471623757979,-3.3059951567115466,-0.30766106240140334
-0.4487920080218686,-5.739861451612474,-0.8099704310704388,-2.984121981524067,-1.2699035120598086
-1.6279148917740285,-4.175260850838783,2.324549364256688,-3.502423151792162,-2.866891944784543
-0.8980684384285149,-4.009910927573305,2.3031581579621454,-2.1673786641812227,-2.9659361033585925
2.312249607870484,-0.3101663708676108,0.5297864636400109,-3.2328955869816323,-6.763397302582227
1.740101107575499,-0.3336975888479019,1.0439351223081612,-8.542862795057577,-5.038945755695672
-1.753455619613423,-1.4149948161717298,-0.3436173250314405,-5.583778723229322,-4.478834730110391
-0.6903349030054986,1.194337873861767,1.3972263343407225,-1.0751647305917427,-0.4010830484511376
0.6571262454598945,0.9564336991178857,0.6594193336455801,-0.2508182420125387,-0.6169862581042231
-1.0708097942523855,1.3472442757246776,3.3272136923032694,0.34790138373274493,-2.04894442801405
6.298343331112388,-1.049007362509204,-1.6188726172006938,-5.012491570735814,4.988093275572975
-3.0629942277148894,1.8039212438904133,5.272573984076525,1.156877514425674,2.5313349337988456
3.0921077059082167,-2.207497120936584,-0.972023132179958,0.3523018321980298,-3.9026940559300938
-1.2013617861690686,-0.6049350690175247,1.8716406948725415,-0.8070410461345626,-0.252845313014741
2.104258488963671,0.30242247569515557,0.5502121073803761,-1.3545037165090372,-2.9717213019122655
4.400215843003238,-0.1228007242744178,-0.07374303650498493,-1.6565033274423469,0.3698351469934902
3.377198046025681,2.630482929023973,0.42897740356399305,-5.411437274551117,-0.7115259860032835
6.784012213537432,4.955958857949443,1.3292008351494204,-4.026558370989388,-1.0219393315972751
6.780826084717177,2.638335392041039,4.38070762629841,-3.979218066826665,3.5900551561925598
-0.11421163410754254,3.363623790715706,5.5947631876114166,0.2754919576844555,4.473118774391359
0.956528029057071,2.3849147226474003,2.2567643877046066,3.4641226020780445,4.05769047287662
2.19812984803155,1.6464248833607737,1.0512842158981939,3.0356667801917605,3.933531475879657
0.5528269477478176,2.8044267673461105,6.129966659542243,0.9809460475482581,3.1331274729225167
2.9739984280036915,0.9259536226770009,1.8223114817376431,1.403748682494528,4.36818426966839
1.434820355198017,0.21053424340344695,0.39743101312732443,3.54597943058588,2.8349062966086045
2.575419157352514,-2.0296533859982575,-0.7924781371986181,7.522865869564792,-0.7793211333787124
1.3727959538483239,0.1756385258563744,1.2675515199994172,3.4477055573633035,-3.8900983251008445
2.9563386486677437,0.46452871698848425,3.7022008819419026,-1.9727588629001187,0.1707574729482091
4.512968789215871,2.847452751466298,5.635728284537177,-1.1828439487836326,2.1255436077829897
8.043580426629692,4.507067179488209,4.907392829660396,-0.7109920529297945,2.9971034126858487
4.295142439342196,4.8995902975445516,5.498087913544644,-0.9922226477170761,5.65261819859769
3.926088611031155,3.6467514945615953,0.9373472420735376,1.712526026964217,5.987805896476553
2.7792291351055347,4.279155918493223,3.3404522711458906,3.576267876435672,4.946442245826693
5.393525849175832,0.47685691136353636,0.02977118546976909,1.8865541064420137,2.12150386032926
2.201974624300391,3.1312976280881717,3.29702621518785,2.8750249450593754,2.663974415587914
5.2887834830324465,5.133673721167707,2.4092185228169094,4.968235565238715,2.0882913356795254
3.252170031790205,3.1680182398167895,1.7367309617311406,2.300383363586623,1.2424316329274292
-0.06274919600380713,0.7986505827646821,2.846127026718806,-0.20943918955168517,2.382533113954321
2.182592706854124,-0.868244671249643,3.7430523914758465,0.12419254762812726,1.4007263205222888
4.266678124652341,0.5377422426081769,4.710009984392331,1.4857402994414293,-1.2432231032313992
6.865358794772721,1.1094534262069409,4.424478348797213,-1.414113135780076,-0.5682992208870989
4.054346751027361,5.913683619291788,7.353515233330706,0.7070506457829582,-1.8050596585278427
6.73750676959731,5.588058318100028,3.659143325518378,0.40859797553786387,2.8339719167149573
1.68086659895011,3.860284753025712,2.1062089880241714,-1.2676012637974285,4.696654570286321
0.2609133329914888,1.5988225641132048,0.9419521273613787,2.0500998011545524,2.3470521554875807
-1.7557191854888237,-0.6639198208116284,0.9308501694768834,1.376037504590078,-0.8426425522328265
-2.476269630770233,-0.15522486718857265,-1.1438635287662628,1.2141121319198576,-1.4643783751677821
-3.543585147692201,-0.5842550574819841,-1.2820373499239257,1.3589797773740688,-1.7042391605818668
-4.214145133907515,1.6493217094244426,-3.4539985851195376,0.7749697659033548,1.6470424327494921
1.403772643063255,-1.9296922032754729,-4.380044870733165,2.8102985853126645,0.9221816723620356
-2.2238782951618687,-2.5799616049541716,-1.7591745796728804,6.360665230972081,-1.8784422231091382
-2.716050886892279,-1.240045663180155,-2.199554077674295,3.5856596419847833,-2.0286091645813595
-2.3511301626332424,-1.81229316331465,-0.9028581614406808,0.548432691407215,-4.948119322948549
-4.188310472330453,-2.7505015245081923,-4.096749752830073,-2.542827294596663,-6.855873522723651
-4.256739474886887,-0.7125804086533329,-1.7446423482661215,-5.261130789306676,-3.3773848810391143
-3.5472288548717374,-2.4327595050751825,-4.010927878248129,-3.6330255613930147,-4.621325256069371
-5.041935429169646,-0.8111170073228797,-3.983429236127714,-2.759972314722494,-4.129239015069266
-2.764355394573419,-2.3250867868728533,-6.459715753649888,-5.2563627988685795,-2.1022225423581102
-1.8836981030517683,-0.08699703164638972,-0.3760634783174237,-4.643863608529053,1.9365507510826152
-4.47224036262698,-3.063690189936988,-1.9952728529549526,-0.6602052521334879,-0.5603606427548815
-4.155430710055207,-4.326682927795653,-3.060501379789199,-2.536376507469324,-1.4732669550633704
1.2220945180015281,-3.9154104247542567,-2.8559625085100695,-2.5196067019934434,-1.4217945485420043
1.3859769298209148,-1.963503364661069,1.82975360745623,0.954049972029704,-3.5245137325342535
0.6418261666338528,0.3294763243751645,3.9267882691331693,0.7650090211257645,-5.024697408175884
2.3447869900655185,2.876186034772305,1.5662019605879915,-0.36752881906290447,-1.6568008913969108
-2.208086301230204,0.5183643557604074,2.4579878147109095,0.28977813540413855,3.564238283207377
0.591417128378825,-2.0269167173317983,1.7908777244417489,6.946213539452812,2.9076365704888625
2.092224031625408,-1.935380527528837,-1.5820053139453547,5.267480611960979,2.3137344684942747
-2.5978121296630254,-1.8116368022013498,0.8042514625509918,2.030928898177366,1.0040852488914074
0.707771904132403,-3.178852604869384,-1.2257351566889,4.882654217633863,2.130276349108241
0.053640678058610336,-2.070824629619365,-2.6011035700109093,3.975989513060051,1.7136927380910492
-0.6067649584390896,-1.8870064218050397,-2.9354482891999174,2.653109683554616,1.8769041472340322
-1.315451309399537,-1.1403215961608173,-0.3826293108484733,1.0837289586496186,1.2763593223811092
-0.3967469023580535,-2.0482645027733883,0.44870331455519363,-1.502250721519376,-2.1360320421414483
0.3113767670022329,-0.8846126711499251,1.1922898683468086,-2.6235671497981583,-1.907624264814487
2.983271549593115,0.22512691700444526,2.243022878906989,-1.4693247920419765,-0.7224998578887101
1.6677499376268043,1.5598476868041704,-0.3889969356057339,0.9637372611737722,-0.17994730682712093
-1.1307533951697284,2.1011649637900507,2.417486459262125,2.8548396741421964,2.7413596410238594
2.847475061312288,-2.1873998357456808,2.699324995253319,4.978223727111278,2.0361265481813384
3.230125603064092,0.5870815876820428,2.9728946857689578,4.52752903547025,-0.4440092978095944
-0.8544749321177654,1.761598030929999,3.48872426641192,0.6286517317145979,-1.5375094502260822
0.4800336224827214,-0.1862879088975607,4.614330351531797,0.49703218765049245,1.2170806894569637
3.6825034627259674,0.2639423157903526,0.37871357715593024,1.6418509577408154,1.764449873008307
-1.7079020024866642,4.016683781981139,2.1023884245567217,3.1450940000274046,1.2184729778586456
0.08728371146666505,0.4187624613137022,0.45754096984075576,3.8416755354918486,0.8927365518233681
-1.042561015819209,2.3804241747021413,1.9864993036301883,0.4957391955837154,-0.16445565779943105
-1.1823098501412954,-3.4648738041123046,2.5407687040198637,-0.9502343112092442,2.0723210530050027
0.2783569538989654,-4.386601348384582,1.3532967164245706,4.578342005531426,1.1516420400521499
0.4660647077851119,-2.328528843059214,1.4620156302772946,-1.45856603235532,-1.9906611184846765
-1.3545543232355932,-0.3726011809297533,-1.9358383190411326,-3.4099639802436585,-2.7698962842335138
0.550280348548037,0.8496421517751153,-0.900344235466681,-3.532642151778629,-0.12715630999601024
0.4989735785792212,0.8268254782534121,-0.5056793833577437,-4.169133978790253,0.15011721726121788
3.4173888165609836,3.061234348281264,-6.083271311285826,-2.0202978960686404,-2.320979842969874
-0.8935917020127084,0.9998088640644966,0.884189830076058,-1.1595031120916075,2.1303685016622955
2.3788168332170088,1.3384636635907645,-2.429142933492709,0.012652709967795828,-2.013188271993994
-2.9480200144682067,0.6447527506002371,-0.4387596128239999,0.6795559634062255,-1.5995402909717975
1.2260511396554745,-1.3637127757777363,-3.3615500805482323,-1.698493312524724,-1.1253819220109178
-1.4567595568022496,-0.3828890745357919,-3.603934436084245,-3.389416825831491,-4.297167366548958
-2.4870186377744696,1.0312511564664026,-4.006308358061295,-5.7942201763958305,-3.3463721627734055
-2.653702466521054,-3.1398286817953,-2.746328065969937,-3.8781729183613214,1.6069855444380625
0.12116042648994707,-5.349394292515733,-2.985240672130878,-0.4871524779771734,1.8465896762050729
-0.9114223547067661,-3.7057112214331887,0.33432611312597027,0.6820353210923865,-2.5503418471095225
-1.7659800020425713,-0.9160531833588612,-2.0371918987395974,-0.25991807096426234,-0.03614830586213369
-2.4983885422951664,-0.44087785016098857,-2.628765467367373,-4.647911826002428,0.38731931100885775
-0.8126779747742996,0.7826007706549243,-0.7338682582749447,-0.7084686424243585,0.9515894449037564
0.802903190383226,2.933144719132455,2.149964699892101,2.0070488962026065,0.6253604574902857
6.286485377759706,0.30005403424001575,0.7029914298208002,0.28386315415866714,4.326749034850659
3.701332345373192,1.849626284867015,3.2895797885543305,6.200226188267102,3.455171145532047
1.356072071652181,4.193486764374413,0.18002920228979802,11.190291194037165,4.503345381384589
-0.44449117191923015,3.8275342885486294,-0.5227794342605985,5.920729881895728,2.2380720018059215
-0.44681997836535503,3.2507128228211393,-2.863545441408829,0.05338257182607675,0.3988837056213601
-1.5373907799668654,2.0414933744218633,-6.678332279781804,-0.7440301940224963,1.7361290396838338
-2.8797026919483675,-0.4349154443140114,-3.457387576073208,1.3291885421446668,2.9207922562121675
-1.976687256956692,1.2200037647345103,-3.8434502591521436,2.184200914246513,2.103021930445868
-1.1033907205668583,-3.4993523166414398,-1.9943663444980704,3.706346933089853,0.09415980755511177
-2.2006201214347216,-2.0170696520794187,-0.3349180623177199,1.2953906545986402,-5.779782522323442
-2.847301538000049,-0.026112657803709194,-0.39656926798325265,-2.0148567059421914,-0.18850111875896847
-1.7560232405978733,-4.384199406224434,-2.796398205402234,-1.086007004620439,0.841154590260839
-2.773240302752221,-1.6514805293782977,-2.4912363213658093,-3.160162952004211,-4.459871728932577
-2.0427157874866073,0.941143034039972,-1.0299626167519964,-2.8509270836207325,-1.9814871617528478
0.21594555262498294,-2.932048595135741,-2.9464809845822044,-2.04677345093612,-1.735304874828799
-2.4123590159214405,-1.935055119098369,-0.8106405670641315,-4.1810247436565255,-1.4989732395557698
-1.3641705609727617,-1.9610285869564106,-0.10048134180949875,-4.032389763910133,-0.883835362028912
-1.1839369690190835,-2.7342857011591857,-1.5976043724075248,-0.6288918439774587,0.656040688461554
0.6709781727672615,-1.521064963711828,-1.0183478299424302,2.7107600067808986,1.9958772536869562
-0.16266515239414756,1.4910843874766504,-3.262671293052184,1.9778981514900125,0.7174185129745371
-0.5464411954464142,0.5048211374162749,0.18544255550148825,1.3922019793966518,1.8972621777178076
-0.6784961624100485,1.9619131619589865,-0.8629671869365414,1.2795100495798963,2.076471103772767
-2.03556340493456,0.36323950129854765,-1.8552106045983363,0.9154590746362272,2.0972841107921156
-0.9184425570899357,-1.6561798256712523,-1.6448037511663096,-3.126940311501029,0.1896511805662987
-1.5766428186611323,-0.7725253498296144,-5.318821487624544,-1.014018193995385,-1.8101838335498086
-4.038204888761642,-1.8639494976572017,-4.184368739608281,-6.560253796936488,-0.5909415891869985
-4.33712951601375,1.5341834888139307,-5.1488163770239295,-0.21327675814675606,0.7416884995504731
-5.114201201959529,-1.0970337043443623,-3.2606089974772123,-0.3442425185472813,-1.354743827167113
-6.919552280785324,-9.121942780589686,-1.551666383156682,-1.2571927602998976,0.9395234528808327
-6.950254699658673,-6.667893026281269,-6.449184663632064,1.0409540977848337,-4.173708276103585
-10.07162691318451,-6.268118117680655,-9.616500870758523,-1.6082059757976492,-4.949336328060138
-11.176731264659825,-7.542157334403645,-9.47057656923931,-4.221865736103204,-4.325266737547117
-8.435120861135594,-12.37179252688669,-11.263067458116284,-4.925489199292024,-1.0401846387717129
-9.24655398844222,-8.199138782425903,-7.719675348941734,-2.786927187989869,-9.103120714891768
-3.671760094312468,-6.263060248065692,-7.696490176661204,-5.909349939786219,-4.049139584183358
-1.8039674607304796,-5.885126633172302,-3.701789872523529,-4.206562149197477,-5.563373894619781
-2.103785405842757,-1.1701795981508458,-5.988407005690385,-3.7323981006867504,-7.45437152053395
-1.7622006484265098,-2.5489749519960507,-4.981885758619109,-5.166817657283779,-6.991591235102718
-2.6172874167164384,-5.432970077719602,-2.7077928072612885,-3.7274313737473834,-1.7165387660963058
-4.578696815762968,-3.7754356327540832,-2.070638041257569,-4.73954325055206,-4.82961177114165
-5.06484081929471,-3.6734830817384028,-1.2125437201417777,-5.524004391447733,-7.096643271314667
-4.269288701079882,-5.338888834697102,-6.516180470143727,-5.6802828710387185,-1.7294444273180742
-7.979661730529409,-4.770123151443913,0.19590702217939526,-0.8298632679230855,-2.921672541327058
-4.964205986970068,-8.984668474634137,-3.815173553677343,-3.6704567765973577,-0.9028871266666219
-3.731747594811936,-4.14913967093638,-3.521534838930701,-4.3760833907576036,-4.721385776859028
-2.8152527199243242,-4.084209968886508,-5.171275242931627,-4.68296596512783,-2.044906404236113
-2.2491164019317447,-5.448934197202833,-1.5911543613559946,-1.9359680349175343,-1.1421337489177068
-2.696473682805129,-5.684060987940246,-3.8110227570360946,-0.5946656274517967,-2.543815309104099
-5.100377213827375,-4.180823070656614,-4.19862018995588,-0.47541004870152825,-2.0937815622757947
-4.937177240888706,-5.370718761554577,-5.748783574299792,-2.162793719155518,-8.625610358050086
-3.130918568889648,-7.885871840447936,-4.626765671859214,-4.674146286077304,-7.575791898730969
-4.882687363826139,-2.805099519829786,-6.891028232445358,-5.82438720506073,-10.90249294942532
-4.644329244770778,-1.6423179208248502,-2.9009680029530407,-7.256021999426662,-4.0888530115334785
-3.2012229625593274,-2.0919666604671696,-2.828048788140249,-3.6935275586323693,-3.2814775440933697
-5.15918117439527,-2.6843052123527786,-0.6334012026597229,-2.6007339717683076,-2.850867319922239
2.01661813393105,-3.802777242931249,-0.22873314246795617,-3.040929859590963,-2.462241693319266
0.9178239028974045,-0.3723724693950563,0.7277734148086281,0.21963736611791163,-3.036651486828685
2.6100172185239625,-0.0016124010324932436,0.8520439967878246,0.8567374405025083,0.16937243196955665
3.698647154639417,0.6335705751707111,2.5459287651643017,-2.2528589017749265,-0.5908275581171082
3.0297328997062,4.760653755707814,-0.9753134681630153,-0.5272842657312176,1.0987340448503309
-2.938498323424019,3.065313132274037,3.8152104944043606,3.6080992560553904,3.25101266415811
-2.292192522573359,-1.7681717864439497,-1.406005261267292,4.845594848066293,4.643051235530345
-3.6389438266319347,-1.374108813920616,-3.114269432305073,4.80734219576536,5.191325237938547
-2.56628264895219,-3.9295485414970353,-4.838734119187698,3.9408166874520356,5.257590116062875
-0.5859318162529328,-3.6763195257125143,-7.283672749883642,6.440399964444213,4.731533014249551
-6.756787801419535,-3.1511789136032697,-2.2616845785516686,6.858455427157638,6.287599835792851
-4.744508964879964,-9.068410147153536,-4.443774601582058,8.665980584232718,1.9873940990771422
0.5506997330277397,-7.333725572858003,-4.335906118912219,7.40351227772947,-3.8834495017663833
-5.038201383792154,-1.986875780352267,-0.9785013123184804,0.07459963139764758,-5.032420526174957
-4.11794450994055,-3.107555903598604,-4.730386269711449,-3.4505732751095346,-3.0099733103298996
-3.9443701601541057,-5.871933430533093,-3.5830256254922794,-0.4901942861996589,-0.2750514248286633
-6.472822877111819,-3.9196680064327745,-4.484536892264316,0.4668768522772906,-6.100111730356366
-1.7743411182813205,-6.075191744832794,-4.069795851462908,-4.086023319868611,-4.409076246655328
-5.991202362954734,-4.548024799272643,-0.8775442894210028,-5.4003206695217685,0.42836095189043544
-2.8377585455306096,-4.82785282577505,-3.9998913585832634,0.4630092956557079,-3.307469872438964
-1.3056003050623335,-3.965861395248968,-4.974535871120418,0.052049776461041475,-3.137878106235588
-1.5125617270455616,0.24341000283408265,-0.5564471297125495,-2.9058361427490436,-0.429739921868582
-0.6501695944063994,-0.46140696747488624,-4.829608171815913,-0.4148992345652749,-1.0828407003175409
-0.2690505145505737,-3.7713915155155098,-5.24235540044825,-1.0808348835467378,0.36585548395722434
-6.0243113211226085,-3.633781936248776,-3.29014588437469,-1.6277579368177288,-2.947767322520949
-1.4642580202246904,-6.181196542402795,-4.088200952051533,-1.2561306653221305,-3.0370370415681585
-0.8168305527619821,-5.493000345490186,-3.0503178752802413,1.0188510889586435,-2.764595810064132
-1.8106607677958273,-1.7407935458007573,3.412372548766243,-1.0895392597828777,-5.343989901855315
-1.2149588399455786,-2.917855033284327,-1.5158291422264258,-0.2583588766238858,-4.198803873599874
-2.821538008810567,0.39698123159692766,-3.0038184925802653,2.1139593761827404,-7.358054494029961
-1.6812749579492208,-1.880359952380898,-3.4557996205743753,0.9099744627436128,-3.061640368517063
-0.04857905138852425,-1.764852691202571,-2.434865626471763,-1.5456998186694193,-4.362224417010945
-1.7810932380442939,-0.7826116215138567,-0.5521096794716487,-3.735475069162657,-1.2804699864239564
0.03626997905580964,-3.01261777203324,0.8524624586646055,-2.0645243632884505,-2.170640006920312
0.7796879256756095,-2.536100904333356,-0.14816540314425275,-3.678213930516062,-3.722936848440881
-3.27765210208897,1.4771962170016946,-1.1644381607646115,1.0800799443812354,0.31392109409750146
-0.6222035525279752,0.21892381637708747,0.5663476943463155,1.8431354462157037,1.2244439208022928
-1.607281801762118,1.6026091369241733,-0.5321054106918631,-0.692596418814809,-2.496429983897092
-1.28929605167887,1.1975333892631355,2.6083931709342636,-2.0997826435814737,-0.16286608590279528
4.980934206889303,-2.649288836274771,0.9754906399390104,-1.017347063363629,-2.1514295414825355
3.152148174245687,2.7177253028321955,0.6278223640489644,-0.7850163065023319,-2.8840912307107245
0.9138114679621322,3.019244697886603,-1.471832464800437,0.40270477012906736,0.5626358872393469
3.384453466971041,0.7619606896718183,0.213321944309036,0.26065743289405574,2.109398680905135
-0.0718657576562094,0.9916551347967669,4.350506085220431,-1.1571140851405608,3.4485233432289943
4.8676418656878475,2.463732299707625,0.08311455288219038,2.8911500242856984,4.499533158566235
3.4105924611717584,5.390564811965913,5.728479484933358,5.5365248222951085,1.8983296260786595
3.5405230330593924,0.735012362769695,2.966252175136738,2.148176888064124,0.5722307732252685
0.707006803814004,4.4484006242255605,4.309113413807411,-0.23633347248087144,-0.22874361281640287
1.3446250053768125,2.2560756554408177,-0.37680728211565917,4.272565725195228,4.1022978206511755
1.2547656258678626,4.937686877985848,1.383735940604764,4.562932699694581,3.179741846680126
4.276897912201674,3.950539698513217,2.714001677541699,0.007892807765537135,3.3001593526369195
3.2720106520306675,1.267061076438289,4.5942523667871615,-2.823440112577981,-0.4455825493705894
3.533748497913489,2.6874825303220327,3.47820171325473,-5.883103440412177,-0.7946265826925442
2.062499316001586,5.24308225834465,2.138171212935362,-1.8972531961324512,0.6349530683225311
1.8942857342465258,3.4381831866663406,2.5066197544102335,-1.4133952745029874,0.9425826160047706
1.541836589019157,-0.9544934777282843,-0.5991017878152058,0.016747090448093305,1.188831885973642
0.12035598311704088,-0.8706237143602229,0.9976795033593904,3.1387285219891754,-1.7756406991652751
-0.254790216652098,-1.1483748972217183,-3.036818073082407,2.493651073460345,-3.3419598302176787
-0.5029505763525896,-2.216806022610978,2.344797068841988,2.062878703608993,-0.5549298607368673
1.6682799263847652,-5.050652673510389,1.6567350800310026,0.12357676971247367,-1.605219403711027
1.2952510733664946,-0.23280862287658444,0.1231049577828065,-0.9872265288813353,-3.6517593830010875
0.796103367668662,-0.46799445878017953,-0.7715393238453506,-3.7571745915487007,0.9509454037619531
0.08775139342184822,3.4326805492455184,-0.3345694393718931,-0.5394938584627211,-0.7733387457844911
1.0379250714518924,4.612115638663876,0.6816204506723929,-0.7760336238994183,2.075694262484152
1.7362452600477871,-0.49911266070985416,-3.2884883021383313,3.367789421743266,5.115736412813333
-1.1069374871683706,-2.986218404880355,1.299709758976709,3.0436053602995883,2.694215206969936
0.884982586973124,-1.485880936234558,0.15627933939055455,0.28562394003575564,1.3811255290281002
2.480378632964908,-0.6830531842163283,-2.8823550704990337,2.4228280104438165,-3.3989797734987564
-2.1176776106093875,0.6037194204566788,0.26456902855637837,1.4391616703280559,-5.225692031644525
-0.7781082719217016,1.399213702043211,0.2905247621716096,-1.1868691319881362,-0.8679575835954587
0.5402429233825745,0.10797488336480629,-0.8824164323656212,2.165574495896602,-1.5212120892799261
4.1870864850469,-1.4363620705178042,2.167773592316334,-1.3072148158079622,-2.686943906402197
2.9810577468079784,0.40417003245419214,6.73054316284645,0.8877641804517167,-0.7116877135243702
5.157435693986642,4.48029296773994,4.13920314073067,0.1549275730958244,-3.286610849627625
3.1066075738826164,3.6145261132811184,5.364540956190486,-1.8191954971765152,2.36091494412917
4.370922043851113,1.8366128725398045,2.8544950392827286,-1.8999828641878997,3.290929226456564
4.714864028929007,-0.4717547027642994,7.807406504647632,1.1384440464115841,0.6703943159288328
6.388631476451788,2.2432871342226335,6.961844033791322,1.2687006988265084,-1.9111627925032129
7.401723564213392,3.396390352370737,8.089616019636253,-3.318771162901939,-1.3430749830369222
4.136586747559496,7.180714081235224,11.127114685426612,-1.8163729235786776,0.7972014729322796
5.863356682569647,6.421673033620139,9.943474279710992,-0.7197886204951696,3.8826242254383434
8.575459280028038,4.608437648746644,6.185867615967794,5.320832380946141,4.561937725055423
7.1855745562526945,6.809522530529124,6.506344673072721,6.8774717136405705,7.373165996853108
5.794199531748014,6.882353022783093,7.649311843242586,3.1654500586871483,5.494584522282539
4.673604324402725,8.969501961017247,4.830178996639801,3.1517951563908637,3.9118766831987735
4.858203761337719,5.07171516514192,2.9802270223212832,1.551380761963363,2.8377424233695874
3.0422277262089312,7.6082024512780215,3.66745383544318,0.37887529783737084,3.940442967386662
2.3839851722093135,6.250172818865331,3.8696437523625034,3.397384345801492,6.660054608457641
2.7193325389689007,3.527051188721348,3.3820863062923605,7.56368850677066,3.7992920890963333
0.7306360888322718,2.826901749833504,2.623089738673939,7.606252737052077,6.628149888034994
-2.3116527095028068,4.250748096829891,1.341532192559811,6.718761433272868,1.2932982730041878
-1.7565081596416527,4.669764964636979,-3.74052997938429,4.823622643867642,4.679330332829936
-2.437935686500108,1.1741321154979334,-3.1301878723691408,2.963512276837032,3.7333822623231896
-5.502408362930755,-0.9574760842063468,-4.3265523916194155,2.0950135337939018,-1.8238498042548392
-5.423847364434317,-3.1360431579483703,-8.550986772170756,1.5649560205420103,-2.0746196687596967
-6.229011202890774,-3.8311083623102435,-7.574830964578398,1.0227688667092312,-2.5995242685642697
-2.876805615629995,-2.826549459633796,-7.133677225284106,-0.784018467629901,-1.2760159814121381
-4.8366205612548985,-0.7357383611375738,-4.483292849410766,-5.4871963811618105,-4.655941820087975
-3.3803887117568747,-3.1190058552742665,-2.21210913125676,-3.4207500740079206,-3.6186550422121577
-3.4567748538119383,-7.523261493684756,-1.4096952452187541,-0.40002975694515897,-2.6679946629171307
-2.8052585233995226,-5.295916141097407,-1.0377466456544349,-5.730973562899115,-9.029432562794327
-1.8154510859708395,-3.03339273010074,0.7596588507029027,-4.69387624418592,-4.742390988528302
0.20131777872027523,0.3378028284629253,-0.2486884337273896,-0.7622263550464745,-6.44758628065937
0.4144843032237654,-0.5596019391840439,1.2719680243004559,-1.0454830572906482,-3.6330800491064603
1.40379852008871,3.871143901677823,2.168596917177985,-6.492833405005577,-3.1544131747991067
2.774861635360324,2.9391180789688933,-0.5488233904952085,-4.249678158235903,0.03215318769967468
-0.3361447120313952,6.470177148574936,4.424344462067269,-1.372414257964065,1.2707649447787635
2.4067607331865437,2.958441401217152,4.21444258373276,0.15264205906175116,3.6439537140783615
1.3811671207048328,5.445976062054444,4.7147709052860876,0.9602556650182243,3.7455866761864227
1.6467816525435817,1.595300372013807,3.776616002703259,2.1778710590683263,4.920191333937767
4.30747040313841,0.9141678565292216,4.288070557887806,2.199778094206937,1.6641957202523385
4.917459062885115,4.490335327235549,0.649535304247256,0.4095795435261964,3.135362915047899
2.9767129161324024,3.6898831155929037,0.029825837246256093,4.340796411712542,6.331212125031714
3.3136871675664326,3.8313194971257123,-1.2282612445552616,5.596158720947447,4.352154688171547
0.027420083341530455,2.7247043883196773,-2.020246212074439,5.069764929302046,4.332328810877955
-1.8188100394770301,0.978536703663268,-2.374503789364241,4.658760733125337,1.0163139698796995
-2.9462711876513525,0.26302407136707534,-1.2040763390641878,3.7454172692644585,-0.5365391878692048
-1.2336950124069692,-0.5409425323813486,-0.7167097838413847,4.705762090336626,0.35786404323964816
0.7234114500985314,-1.4467532765906193,-3.0397168371429273,3.1828524304545187,1.8942003980792264
-0.15159098587838327,-2.9427308907174656,-0.9658782870550734,3.671893992157944,0.0327149703659457
1.1995002524874738,4.946401735792236,0.8463141364578464,2.3552007534725625,-3.1027157274325203
-0.38723845716423044,2.2421286501649003,0.6952766847056482,-2.1249132877781918,4.768928234406502
-1.1533238326876198,2.133000142115562,1.4900912608421888,-1.2767707335167788,0.8589777769275551
-0.4236450932179143,-0.654809086732751,-0.9996160883177486,1.224554133528857,1.4807711169679816
0.6378824616722927,-0.8102736853066217,-2.0643741400051976,2.4501340421679494,1.3508614704868473
1.387323340996375,0.15810591055458129,-0.08823242957177024,-1.633290562899303,-0.11929783809794586
2.122548225966191,-1.4737805107775777,2.202171394382865,2.3986130240405203,-1.359640550875591
2.6096361565186106,0.9259178756573142,1.7708877573144708,-0.9100506601636252,2.1211675082040804
0.29694829901847,0.9299865014624211,-0.32099194201771075,4.556348355206146,2.96116465989918
0.5886494326500733,0.457153811815031,3.2223275237672495,0.5413556275011686,1.705679931298862
3.0164800993893035,-0.5950757422650552,3.3827190860586986,0.13976048589887358,-1.656792060058451
7.355675112397423,-0.27783749318507533,0.19607078420774426,-1.9640672856317516,-1.9730878129116305
3.6893238121843153,3.2120384065149503,5.961333579509349,-1.6285366078459147,0.14245073470947656
7.944892391074511,3.662022603290788,2.602997047907767,1.1108264999936948,0.1573484883544336
3.8323649018307258,4.381082296888425,6.968008644115097,-2.4546647717044463,3.1858813968524733
4.217660376884936,0.6724645153902045,7.769119806187742,3.1555752985627104,2.7884141481460745
5.223087844566269,3.0623629777690953,5.302829525219864,3.0948665941384736,5.939678272251201
3.3807246457555795,2.1482637966997293,0.5129469514036087,2.248510323890462,5.281644785690988
1.7643916812914056,0.8979416550671189,0.026524401903364803,3.553390199067872,1.35941162669615
-1.3005278622307612,3.533838002420853,-0.11665647252362843,5.250754744302943,0.178903004467595
-3.9153674261382627,3.3411688160791133,0.03862667178981871,2.2260644374084517,1.044940379161986
1.013006115306951,-3.155666153791411,-3.0564130100932068,-0.17424312018409505,5.118540106351179
0.030447267251870636,-1.0727102370185877,-0.45131928326825604,3.33738171284486,-0.9986308389664798
-0.22488302689744644,3.5231672634217057,-1.6163078685766896,2.7098688969450384,-0.8803339320637328
0.7978699184489273,1.6683113325244805,2.3571978903420723,2.1552296459119398,1.5506428851942573
0.24731268795104144,5.524496088989486,1.520191565088991,2.473707885184497,-1.979330806613549
6.579560981526795,6.1891745119023724,1.5078844625208911,-0.7876830967709322,0.9567761554380599
1.531697027430293,3.798065085624612,3.212935149482309,2.619496676804644,5.024919051833002
6.029998922999382,1.1821905063715554,-1.617639295563194,3.2245491978998873,2.881260774654449
0.19952782791494972,-1.370675295616603,-0.13468838725172416,6.575104089441099,0.8359261547138952
2.259618335694488,-0.9622863473861436,0.7676958472195713,6.060639395171268,0.5792163300136735
0.44051210719872314,5.0322734831164535,2.6531817063148013,2.54926389152356,2.9683916243254287
2.375972364636643,1.6229944008258004,1.6859988164507955,3.7364695357427733,3.426268587612983
2.058524328373828,3.0434522428170188,0.7652222076786375,1.3159171831329055,1.9279606644833809
0.3858332119244119,3.6787664644223126,0.12038697129800346,1.3370940381520897,1.7106397321366988
2.2313993622115764,-1.5983622250490817,2.4681227274085495,0.6434047521562082,3.4932945553721755
4.0682640641580186,1.2228503764438203,3.4845850039761723,6.360913951336086,-0.6082792264751747
1.2181650958472816,4.304060120168163,3.302672338395993,1.90477180071571,3.278306023974772
0.047697384754078254,3.17602616430238,2.294811799199356,-1.2024619629216988,5.758058535217895
-0.20960703408061687,-0.32433863087057624,0.3372102915207672,3.4521477241083125,6.89222211242641
-1.6930953700019196,-1.5066372812850655,0.382414703096987,5.474562697119067,1.4976334829998188
1.6683030447964569,0.7141162880761898,-1.8139973877855224,1.6500974440570013,-1.7793084041000173
3.2348824792934447,2.700012101315201,4.203395097937542,2.848170328018099,-0.4334883997969272
4.904193537996136,3.90591070809696,5.275368035739813,1.332400860619005,3.095422039505295
5.008608177589153,0.3795514307804142,5.4821610527464815,1.4944340254829869,5.260681783544822
6.657904764459264,4.895135572389426,6.166318722205973,2.056583069712382,1.5723427196969628
5.392621537858433,8.022149393148542,6.348491500775279,0.8130469398277704,3.9340664387120334
3.1330562345963804,8.228973374823912,4.112772441000567,2.2122594709530223,7.782688509654108
1.4629097513164273,7.482554819977726,7.259711010410774,7.157867463579526,7.508767962371425
0.08798851652580542,-0.39149108921815046,-0.03657784144046561,6.010680508232913,5.77948918387716
-0.08606038606989429,1.5808567319746634,0.7130242645842202,6.412935909779902,1.7884426810397103
-0.3132677285754199,0.22442106665178374,-0.08276214841177221,4.0943451917711835,1.5514299278978065
-2.646451552557631,3.7764459654387936,-1.3576250904505387,4.253411024551226,0.2632690180327206
-3.0058667651156705,-4.7877769214046015,-5.9889491773050025,2.079949300475436,2.688015004840835
-6.887973756387728,-4.997989521594077,-2.7043150446152615,7.740671126121577,-0.35316687923527346
-4.788918438627326,-3.971593440547116,-6.838814218173551,2.5507058928467785,-1.2532095004568644
-5.428238241755072,-4.770584188556444,-4.5428012674366,0.11428990116079063,-3.2409660885800915
-4.176640052300579,-5.106248780895414,-5.395457292998925,-3.387103264378495,-5.232064233638897
-6.639959392168265,-5.236932547904065,-2.315884538065728,-3.7217169192941024,-1.2455051479907047
-4.31068483438722,-7.540837223247374,-0.485477178166311,-1.8504477124217136,0.8930927957181098
-3.4387929948922684,-3.5780024925360965,-0.41612000867552235,0.12534786282425475,-4.020409650466355
-0.8366397372397043,-2.0480321341999357,-1.3350581861536743,0.29982304722753805,-8.059982257378564
-2.4723056981568305,-5.298800809155601,2.4406815370496333,-3.0560108128581733,-3.9615155529881854
2.4981689480186224,-2.3301640777537562,3.784305775850634,-1.5289209789655571,-2.683095970193062
1.061753853510888,0.33116479680681743,0.5696130082874236,-4.724380122830253,1.3902839891379317
-1.562159370720026,2.3663502564829746,3.933442486175456,-4.6517676659964815,0.3895443657043711
0.330975312319445,0.8476035465194052,1.380256625791446,-0.7624505739686729,1.5264243467709968
3.2349188100680606,0.22663965835733513,1.6714855561198179,1.1235001063511094,-1.688498970485313
-2.028376385375605,2.5651351104478817,0.7238155938526791,3.9722935199605462,1.0058509861559903
0.3886766146189955,1.333045521655611,-2.1113872913955705,4.744706289240391,3.697568062889258
-2.765298296576592,0.9813330585555472,0.09885480679503655,7.574535801943983,4.969634853022132
-3.336480226444149,-1.230054094438225,-0.7274734214147518,1.9382483415322724,3.3814899285280777
-4.628043294226763,-4.096869052588284,-2.9699420763471114,4.2993634232285025,-2.755336980607172
-0.46974642711368775,-4.510583180429863,-2.896176809838714,2.302335060883806,0.053370264282401436
1.4421771945065422,-1.5447450624781014,-1.3808555326357284,5.72753524646892,-5.249505382029007
1.9599325712560955,-0.6607004878046432,-0.6721746968610858,-1.6096618510987823,-5.119484452974049
-1.7529383787817177,4.580794846034406,0.4571493577198358,-5.82349296802201,-6.538671984140582
0.1980442200299316,0.6053375464062579,0.1682919617199864,-3.0442447023285393,-1.1729774971686506
-1.7144928354254936,-2.405579877195809,0.3072378328950463,-2.442149523885057,-0.8860885735819302
-1.5565286319385923,-4.842324888187077,-1.0831055995745544,-1.1093311000102508,0.18851835055621935
-1.359844547635482,-4.842679449837771,-3.3522879703705453,1.0145658569322684,-1.4071323019478634
-2.4086791837841837,-3.7090750173373745,-4.002704611205647,-0.008928270027293628,-1.8219911425146127
-1.242607471530219,-2.086593637776216,-4.570432789166783,2.807767985650237,-0.9091768322476617
-0.9514722498063037,-3.0028045436563717,-1.7796611644255405,2.8975269506181727,-3.491724359900716
-1.8072768586277053,1.5196456413723787,1.1424213741026992,-1.388594406884579,-5.7009922028661535
-4.2589324672108955,1.706644081607867,-2.623070153325579,-3.450714902603442,-1.0177606457159358
-4.2695588523995305,2.9788057857360597,-4.840954020382131,-2.1591978164772296,-1.215489490998125
-2.2114279971752073,3.117280407882262,-1.2767494700295159,0.0675346800581571,0.11243950572680828
2.3824602160553274,2.193294146805106,-3.9513734560620026,4.0760845525617055,0.7400218066172687
-0.2640699090543907,1.7965799127174185,-3.7934586014145784,-0.14329822049616459,-0.03873675257882758
-2.8494081192259912,-1.029353074067494,-2.169389350524589,-2.0567934755303092,-1.1228654751360811
-4.379082128438677,-3.5455487774361787,-3.391086025403099,-1.5065237716628865,-2.1509774855240535
-1.6118543762297914,-0.36181076945914814,-5.45994497489607,-1.3873366674291217,0.581560868355671
-1.253842391213446,-1.5302193045101642,-2.9358708775815834,-4.62179826757711,-1.6074677584645876
-2.533187113322839,0.7406974478260897,-2.761177180354764,0.6533173670878076,-3.3129532588919757
-5.383268713941437,-4.590618662618734,-3.057614669074087,3.0412756405899657,1.7103891525920303
-5.574134856583932,-3.4225774471607484,-1.3895190583320285,2.965515876204779,-0.41418866434815393
-4.325995716124786,-1.9522876548310855,-3.6051787982050216,0.5433293975510914,-2.035021388492299
-5.879012654478901,-3.8139642562169693,-2.63170470041282,1.0946076398267497,-0.1987231261923006
-3.8000816888848874,-1.02285553532748,-3.9351105436381744,1.198394035305781,-3.4642920110477444
-3.77722016912963,-0.8759989992728741,-1.9614139230791734,-3.6345872374564325,-4.600389179373609
-2.6741369927771506,-3.613132940213517,-2.0472616407765467,-1.1036673052691697,-3.350500873361355
-0.4250715395077316,-4.185104833800229,-1.5707445546991676,-0.5884062622814623,-6.008613835998325
2.4776061046088795,-6.184412533964837,-3.4348508645533715,-2.96592255303245,-4.26350417899541
1.3183978088901562,-3.017989671587614,-1.8629933804306664,-7.155730520699197,-4.156345810927959
-0.3863210403411233,-4.532269406334399,-1.5916015731769702,-6.943376268611717,-3.439303416844828
0.7685411554703409,-2.460055849289847,-3.1990145740297065,-1.6251550194892306,-3.235197158311994
0.13624262922232466,2.0038766647778563,0.9025657530159616,-5.781268649900346,-5.5483565143922835
1.1854272096353635,1.4592506370038978,2.0012652491848555,-7.469158091847595,-2.3968344044023016
2.185913683330114,-0.5100677980648141,2.9260129668380057,-0.8522447254415155,-2.732790408932219
3.2271069989923378,0.6150597784959931,5.764796105141999,-4.113928692778188,-3.734332963111516
2.3900585937473426,-2.1528994226864033,4.588979658000219,-3.179236973207846,-0.8245047831047717
5.818919010783459,0.5695623216136937,2.6678813587849546,1.7742435658674156,-2.9274808046400267
3.4562870930719356,7.415623066144754,4.53372680694971,0.135208727905055,0.4848971026738036
5.593213953025874,4.5111071955875754,7.6284105091336984,-0.24156791324408855,2.5820686540850106
5.819087809846286,0.7391689057566517,3.0375302581133954,0.5826375279488123,3.1142185469601427
1.5875965369905232,-0.11095368826496177,4.213409353175186,1.5197341573639347,3.3031600950471733
3.5736293570865136,0.35185030598131667,0.2552200693007718,4.714859016564242,2.924589542882159
4.79294269806008,2.2238598255858513,2.2961437245588114,7.657116051196171,3.739567585301602
0.7314168428926746,8.318209002573163,3.6369013451050445,7.34409189734278,3.1761484122644097
1.250510454239151,5.49008194718787,3.5121481953721836,3.205619673519526,8.201490964296898
1.8243924348172855,1.751551780411028,4.396802202305064,5.539838721193646,6.990721445303669
5.361918496362652,3.8796015420085315,3.6766396744625975,2.8512554823485123,3.7402159280145315
3.525363485341153,6.685625966187063,4.741086252282045,5.234012039695003,4.831086168753272
2.886531469704842,3.6639083654328797,0.2848824088167441,4.970326605247269,6.207678305930429
0.03793098181147925,0.8633431270063134,-0.4844128340174223,5.964090483395953,3.165155569311709
-1.1827507951836165,1.0093911773511506,2.8473339415989387,5.232814634585186,-1.3381625816849545
-0.4219692642316971,4.367102528873169,1.7201010690844016,-1.0833781226959858,1.1045463378798184
4.229049064440094,0.36185453928866895,1.1965299791604829,-0.1366110463188285,1.728884376804848
4.050849615399175,2.96355359584837,3.8874666753742435,-0.22435285422208484,0.6824793429565653
5.003864213477479,3.405361123470024,1.020112275458518,3.853737079185306,4.577746349575212
5.221516634873527,3.3700221204795087,2.870329401423717,0.215120238600369,4.401040388033452
3.302714296215401,6.789361524110516,2.467211376674822,-1.1183386633987205,-0.01211038768835726
3.039162101972667,3.489396740041621,2.898927352833291,-1.2548270538003297,4.0513079246554415
-0.13844003034874808,3.6206085016951395,-2.0836107200982035,-1.3240461546312317,7.432781742132118
-2.18973091703501,2.9870605002788153,-2.2628739011044914,1.2890753319191508,0.9755026902978083
-4.962198032719813,0.052341161991170726,-2.1135414808761173,-0.6433070476217377,1.764459702818399
-6.085399008061505,-3.1766726122289066,-0.6485727654782152,3.487294406258889,2.3345904286029993
-5.526717409464675,-3.692116213108039,-4.2759977109006595,0.8139474296093183,-3.679855818663416
-2.94970653822488,-2.614512403011555,-2.7855954295576737,-3.362895230575223,-2.2666499315817044
-2.9626115803419384,-1.5920810236689746,-1.7467039032751253,-1.5831006703039654,-1.7776329730181377
2.914199145975327,-2.860132888116208,-5.445720946816925,-1.5096519849173466,-0.11574546561647914
0.3071860358833898,0.7214848167898202,-3.886682993085135,-2.62867338460458,-0.6871295503353391
-1.780282577088259,0.9836295886155447,0.3362946429474347,-1.7370725369860955,0.7768896172401918
-3.4097331739707064,-2.5316013219899323,1.942501959541727,1.3830046983406188,0.2481773429846651
2.856105629685512,1.0900245614427173,-2.0833272945670034,0.6176785625396387,-3.5998238070812514
2.137606556466139,2.531939516389362,1.216739893732036,-1.9396993063156063,-2.0001195492988275
2.967702131879944,0.6671157251089772,0.7902177664910962,-0.9998697230363116,-0.06469516665196123
0.5585627663043922,-0.4259301385830474,3.4382955312652097,3.1609224138652974,1.0440391547374421
5.402086422542981,-1.5699248878598935,1.973299247627902,1.5904808383370685,5.0142525093580685
2.8521060951667474,3.008447146347002,6.556887307090069,0.3639854436081791,4.4168788735338005
3.0708976494798153,1.7891990957295594,9.863265617549091,0.5385028308571103,5.886939083923541
2.2069215290916135,-0.22172108662364076,5.696687341932879,0.6965562661396545,1.1447146765650844
-0.13922102376195555,-1.0108708653784164,3.150152014054715,4.308895403905878,-3.8196243668353818
1.1375580109642003,-2.4611576318413033,-1.5485669365274515,1.4659492732256603,-4.303402883588124
-1.1204018011153818,-3.6493353030539697,3.5120054570335255,-2.0898631564603036,0.5089426283581275
4.572094802269245,-2.179986741078901,2.185281150424351,-3.3549793885388235,-3.5089820087930117
1.941737641674481,-0.032197284396668024,5.311775768783135,-0.2447705809596048,-2.192561256116859
0.7060625222099355,0.49918601746322167,1.7640018234634904,-1.3264074400694392,0.12664526290219957
-1.0172028399052808,-0.9340578606434957,-1.1663560085255635,0.11347821462945273,1.1669622936500903
-2.3740403778775043,-2.1024522663355762,-5.462280774826382,2.6583679177504154,-1.7630530883417086
-3.7080446483049867,-4.890590462875325,-1.4398150115611892,-1.0099621343391976,-2.20339026681264
0.5497276714711181,-4.798218754655226,-0.7943879309526816,-2.723112042932451,-6.054807266816544
-0.5309358534186116,-0.38230128361132487,0.7581304086978669,-3.264810812695451,-5.424212429304985
-0.6441690933669525,-0.561116919087459,-2.2809445782009896,-5.945354101761382,1.7635715608980722
-3.044135026944632,-2.947651166519939,0.45978990256213015,-0.7857276695775599,-0.6976010986516523
-4.503348663954304,-2.359425091028438,-2.0412431869979533,-0.3184731116806671,-2.2398236413893975
-5.361225452717539,-7.757685463093039,-1.9146152383907349,-0.25559384833852006,-0.3686204940061284
-5.176266495562099,-3.144219395054311,-4.539207494235659,-2.010656147493547,-0.3894782196766897
-4.013378350331466,-4.63352831662937,-1.6911415075236507,-0.4311182932534279,-1.2882846224391478
-4.470743025524975,-6.2703038528964345,-6.81742243708616,-0.8527451753055404,0.164446321457834
-7.4261110969614785,-4.207936817242205,-4.304316365770652,-0.5537006825613585,-0.8215440788131898
-2.615435615215577,-9.103300296261768,-4.158720339704711,0.8221579171696176,-1.8559462140768495
-4.168487522726576,-2.582662081796287,-3.6909264397219976,-1.615916716178455,-2.2326650209111456
-5.384851546510033,-3.3107058284830644,-2.5593319191981814,-1.7549644418669925,-4.496448950615858
-2.875925671892153,-2.7949819438033368,-4.764489891779379,-0.882400166146208,-3.0394447988559192
-3.298366155697505,0.04355852526429027,-5.208376750766148,1.6410034524130797,-2.2209309376763904
-4.684653150278213,-1.1187238847175323,-3.230991997895883,0.20552002852911327,-0.21933989804784304
-5.463543958771982,-5.5210614883003615,-3.7429871347613797,0.5072573145785756,-1.7531537410826248
-4.070074729834948,-4.199001649760827,-6.104504208706858,-0.43114879882580415,-4.200460884268964
-4.132993408309189,-3.427798697593971,-3.1456183873735104,-2.006150964600984,-4.514307941098213
0.04206237268204749,-6.581077370587838,-1.729651004624175,-1.398593316219896,-1.1297784084350218
-1.1515277017492638,-1.112787156073147,-0.3492171827482198,0.48562813872092914,-5.450126316071026
-0.4215052107992997,-0.7636316216265276,-3.608529845675168,-5.0965953397135735,-6.288545042121966
-1.7235130972245054,2.744302542817465,1.8513902682359178,-9.005664710260728,-5.265053904136794
0.3166271702501902,1.8041435409676807,-0.7477703151707024,-8.912926546716477,-0.8451718235171906
-2.463000244175094,3.56501919518998,0.11267488744075066,-5.560388622389668,2.1150767671026114
0.6891379373871465,1.3869669638130424,-2.1924505475019966,-5.088969949484937,3.3538422875095764
1.0269061473601824,1.0924992813966932,0.2174301232671766,-0.3030150319716131,-1.4987045122160758
-1.0645933092785995,2.0894923443670703,0.9326384063940389,-4.395206681426445,-0.5622806390956224
-1.32361510897141,-5.248083067650165,0.6984620381062971,-2.382309902186155,0.2792621730785697
-0.5197128417083502,-4.610699881807896,0.25002444237922955,1.080112478177138,-0.35431673303456823
-0.16502074252596285,-2.923352700218108,-2.463028239561787,0.3264085551232524,-6.115643165246567
-3.312178608804561,-4.637806699330031,-2.3288797192301116,-2.744314745191947,0.28293869521743087
-4.403243362707049,-5.12280305401843,-1.8460236621986117,2.5479659824321566,-0.6134119766829593
-3.897940678446927,-4.058574178039842,-2.791865237664799,-2.1890479917225107,-3.023083921482448
-4.28099832702355,-4.026604195039904,-4.986420004899318,-2.687030770803002,-3.0205161699793788
-0.3540155677358703,-4.700196476657437,-6.074257132984773,-5.95782612617454,-2.473083999092201
-1.251282278669709,-1.3254697937013966,-2.117334526794584,0.3514287213685847,-2.766153294077361
-1.6909345366169821,-5.5939609687848755,-2.5932383651979816,-1.6084524723117217,-3.9821534860301986
-3.4944997527772887,-1.5777691436098358,-1.4787507832104445,-2.3858508381943486,-4.344723064411826
-3.7682448762969027,-1.8054427463479357,-1.3017907125076946,-2.80631414971737,-2.088047286349144
0.1971094976880079,-3.5217958692881197,-3.8203023256897124,-1.4309034533340759,-1.9510330359265797
-4.657085301881076,-5.0156615221352165,-3.1814418322796403,-3.403175441148269,-3.1462033036436194
-6.148613612857847,-6.401845304598355,-1.6080067901734096,-3.4474072203925736,-2.526237092293663
-5.03800420000915,-5.1317714776769945,-1.644577543991201,-4.323354317737792,-4.437584313127528
-2.6007429913931315,-6.497112878086741,-4.395786170610406,-7.734484777589369,-2.676882726660917
-6.613256755503412,-2.554305272958944,-4.641809104533659,-4.213831939260898,-2.5876892600443395
-6.493598129175245,-4.399105824850439,-3.9975668031069853,-4.703566671327545,-4.5751310162230805
-4.968675642145919,-3.8995378126894398,0.5219295561826662,-1.3451480783017256,-2.1977774119317806
-1.380996701109979,-3.7009335716047773,-2.8275864020390196,-0.09701777059894456,-0.15812270271193318
-3.3893590894600756,-3.5144229498793913,-1.3230694993783965,-0.17662592423994217,-0.9223722426374855
-4.0848841421778515,-2.919895457651023,-2.772249750504794,-4.918245355210917,-4.918397268631751
-3.91090550982623,-0.9471970653700459,-2.4040023849570487,-3.3447276621718895,-0.9061249064980306
0.3325867846902226,-0.05809580125896696,-1.6985012332419183,-1.520941799858623,2.7572204725051366
-2.931273055918433,-0.049927426166088584,2.656393921767354,1.4054240475493112,1.4622725726152286
-0.3447611023070992,-3.5266105180827325,-3.774015595727599,0.08105434403116485,1.712570031059442
-2.5111157390682237,-3.7533385724591675,2.458613786770036,1.1233728579121913,-1.600265066014046
-0.2295287827613002,-3.6508634880166646,1.8899496518057153,1.0878851955201427,-2.7558219102886916
0.8507724381265216,1.4327855239595149,-1.3857209513518012,1.5442940720419893,-2.0750129977236997
1.0211493513472858,-0.22842281213857252,-1.7779815734662083,1.4827841425695059,0.3277997833339772
0.10852300211605997,-0.37271141433030813,-0.9733325258562988,2.8349471690577612,2.753763457078622
-2.492154596876428,-1.1411466378381134,1.8178423768693075,2.200920039556113,2.4156481109304284
1.2039634484527095,-1.0217448409372543,1.5389088166560523,1.0989024188738932,3.3764036701513964
1.1844325677748662,1.857734817160647,1.7037478588493857,0.13326777303904125,1.5900042202871898
-0.027233054856969918,4.083273991151574,-0.6752125224713326,5.4847251102843275,2.69689771029854
2.3858424833666874,1.0453979483386204,2.467155421523028,1.5939962796417868,0.5858276239048479
3.6811304766346176,0.1960807480002198,2.6625020083254327,3.13560526371945,-0.681990674659406
4.404420346191015,1.5497844806639736,2.7637219796422,1.0270964688957687,-0.8407411994751147
0.9095176686662372,5.30530920212032,1.3010931430948962,0.7417212353578596,-1.2829422937026833
2.383836565787691,1.1225087809314769,1.528824529494812,0.39703229620221464,3.5960085820208816
3.982080378057504,1.4655037767947052,0.7845319559027373,1.9240420330316437,3.4845017386261565
2.539343671250891,0.8663157929239458,6.250432693399974,-0.7637699114953853,3.7825004725155313
3.7824854625602753,-1.1062008221564272,5.3235917044170105,0.4480798325950007,3.7279304017379067
